profile,count,severity_band
000000000,11942,1
000100000,2606,1
001100000,1381,1
001000000,1267,1
000010000,455,1
000110000,407,1
001110000,386,1
100000000,330,1
000200000,316,1
100100000,314,1
010000000,307,1
003000000,238,1
010100000,224,1
000000100,212,1
000300000,200,1
002000000,183,1
000100100,179,1
001010000,172,1
101100000,169,1
002100000,161,1
000001000,144,1
003100000,142,1
001100100,136,1
110100000,127,1
000101000,121,1
101110000,118,1
011100000,114,1
300000000,105,1
001200000,101,1
111100000,97,1
200000000,90,1
002200000,90,1
100110000,88,1
001000100,77,1
001101000,76,1
010001000,76,1
001110100,72,1
001300000,71,1
011110000,70,1
000100010,70,1
000020000,68,1
101000000,68,1
010101000,67,1
110101000,65,1
010110000,64,1
011101000,62,1
000000010,62,1
110000000,61,1
011000000,59,1
001100010,55,1
000030000,54,1
200100000,53,1
110110000,53,1
001001000,49,1
100010000,49,1
020000000,47,1
001120000,47,1
100100100,44,1
101100100,43,1
000110100,42,1
010010000,40,1
000120000,36,1
002110000,35,1
000111000,35,1
000210000,35,1
010200000,34,1
010100100,34,1
100200000,34,1
102100000,34,1
001111000,33,1
000000300,33,1
110001000,33,1
010111000,32,1
101200000,32,1
000000200,32,1
011100100,31,1
010000100,31,1
001110010,28,1
001000010,28,1
000011000,26,1
000010100,26,1
101010000,26,1
003010000,25,1
110100100,25,1
101101000,24,1
011001000,23,1
100101000,23,1
002100100,22,1
200200000,22,1
300100000,22,1
000310000,21,1
001101100,21,1
000110010,21,1
000130000,21,1
002010000,21,1
000000030,21,1
000101100,21,1
000220000,21,1
001210000,20,1
100210000,20,1
000000020,20,1
011010000,19,1
001010100,19,1
111000000,18,1
010300000,18,1
100300000,18,1
100120000,17,1
100000100,17,1
001100110,17,1
110010000,17,1
001020000,16,1
201100000,16,1
010011000,15,1
100001000,15,1
111001000,15,1
100110100,15,1
110200000,15,1
012100000,15,1
002101000,15,1
000200100,15,1
030000000,15,1
010101100,14,1
201000000,14,1
001011000,14,1
020200000,13,1
000002000,13,1
001010010,13,1
103000000,13,1
000110110,13,1
011000100,13,1
101001000,13,1
000001100,13,1
100100010,13,1
002001000,12,1
210100000,12,1
101100010,12,1
010110100,12,1
010100010,12,1
003001000,12,1
100011000,12,1
000100110,12,1
020100000,12,1
010001100,11,1
000100200,11,1
110100010,11,1
000201000,11,1
011200000,11,1
100100110,10,1
002020000,10,1
102000000,10,1
200110000,10,1
120000000,10,1
001030000,10,1
012000000,9,1
100110010,9,1
002100010,9,1
110000100,9,1
011011000,9,1
210000000,9,1
000300100,9,1
010201000,9,1
002000100,9,1
120100000,9,1
110001100,8,1
000003000,8,1
011100010,8,1
100000010,8,1
101000100,8,1
110010100,8,1
301000000,8,1
210001000,8,1
111010000,8,1
000010010,8,1
001101010,8,1
000000110,8,1
000100001,8,1
101000010,7,1
100030000,7,1
001200010,7,1
001200100,7,1
013000000,7,1
002000010,7,1
001000110,7,1
010102000,7,1
100111000,7,1
000200010,7,1
000000001,7,1
000301000,7,1
021000000,7,1
000200200,6,1
200100100,6,1
001102000,6,1
200020000,6,1
010000010,6,1
021100000,6,1
000121000,6,1
000020200,6,1
010002000,6,1
001201000,6,1
202000000,6,1
100200100,6,1
010101010,6,1
001001100,6,1
010110010,6,1
100020000,6,1
003000010,5,1
010101001,5,1
001100020,5,1
010100001,5,1
022000000,5,1
010001001,5,1
000100030,5,1
001020100,5,1
010003000,5,1
020001000,5,1
310000000,5,1
000110200,5,1
001010110,5,1
000021000,5,1
001000001,5,1
011000110,5,1
000111100,5,1
003000100,5,1
111000100,5,1
110000010,5,1
112000000,5,1
000100020,5,1
100101100,4,1
000103000,4,1
000011100,4,1
001000020,4,1
110100001,4,1
001100001,4,1
010020000,4,1
000011010,4,1
000211000,4,1
101010100,4,1
000210100,4,1
001000300,4,1
002000020,4,1
002010100,4,1
100201000,4,1
000100300,4,1
000101010,4,1
000102000,4,1
000031000,4,1
211000000,4,1
001000200,4,1
100010100,4,1
100002000,4,1
001100200,4,1
010021000,4,1
000001010,4,1
011001010,3,1
010001110,3,1
011000010,3,1
010011100,3,1
100010010,3,1
100101010,3,1
220000000,3,1
020020000,3,1
100000001,3,1
000030100,3,1
200000100,3,1
000000002,3,1
020002000,3,1
010120000,3,1
002000200,3,1
010100110,3,1
200001000,3,1
020000100,3,1
000101200,3,1
000010300,3,1
011001100,3,1
200000200,3,1
100000300,3,1
012000100,3,1
000120100,3,1
001001010,3,1
011010001,3,1
110011000,3,1
011100001,3,1
102010000,3,1
130000000,3,1
101011000,3,1
012001000,3,1
000101110,3,1
000012000,3,1
020101000,3,1
011010010,3,1
010000110,3,1
000300001,2,1
210010000,2,1
010100101,2,1
030100000,2,1
000010200,2,1
012000001,2,1
120001000,2,1
002001100,2,1
111000010,2,1
300000001,2,1
200101000,2,1
000110020,2,1
002001010,2,1
000013000,2,1
100200010,2,1
030001000,2,1
100003000,2,1
000201010,2,1
000000003,2,1
000200110,2,1
010210000,2,1
012000010,2,1
100100020,2,1
000100101,2,1
002100001,2,1
010012000,2,1
300001000,2,1
001001020,2,1
100100200,2,1
010011010,2,1
020110000,2,1
100001010,2,1
200002000,2,1
300000010,2,1
300000100,2,1
010000200,2,1
010030000,2,1
121000000,2,1
100011100,2,1
011000001,2,1
001002000,2,1
012010000,2,1
000111010,2,1
011001001,2,1
200010000,2,1
010010100,2,1
000120010,2,1
101001100,2,1
000010110,2,1
010000020,2,1
300010000,2,1
201010000,2,1
000010020,2,1
000020100,2,1
021010000,2,1
010010200,2,1
102001000,2,1
101100001,2,1
000010001,1,1
100001110,1,1
010000300,1,1
000030010,1,1
100000030,1,1
100021000,1,1
110001001,1,1
100000110,1,1
001002100,1,1
110020000,1,1
020011000,1,1
000100120,1,1
000102010,1,1
110000001,1,1
110000110,1,1
010002001,1,1
011020000,1,1
100100001,1,1
000210001,1,1
001001200,1,1
000100210,1,1
001000012,1,1
030000001,1,1
000011110,1,1
010000001,1,1
000111001,1,1
001000002,1,1
000002110,1,1
000101001,1,1
000202000,1,1
001020010,1,1
101000002,1,1
020000200,1,1
200010010,1,1
010200010,1,1
001000120,1,1
010000011,1,1
010100020,1,1
110010001,1,1
000001110,1,1
000200002,1,1
200100010,1,1
001021000,1,1
000000031,1,1
110000020,1,1
000001020,1,1
020000110,1,1
101000110,1,1
010010020,1,1
010010002,1,1
000110001,1,1
110001010,1,1
021001000,1,1
010011001,1,1
011002000,1,1
001010001,1,1
101001010,1,1
000020110,1,1
010000120,1,1
101001001,1,1
000101020,1,1
000022000,1,1
010001011,1,1
001000030,1,1
010010001,1,1
011010100,1,1
102000010,1,1
000020101,1,1
000101011,1,1
001010200,1,1
000200020,1,1
020001001,1,1
000000220,1,1
110000011,1,1
000002100,1,1
010010110,1,1
110002000,1,1
000020020,1,1
020000020,1,1
010001010,1,1
000000120,1,1
000000011,1,1
000300010,1,1
001100101,1,1
001000111,1,1
010001200,1,1
100102000,1,1
100001020,1,1
000001300,1,1
002000110,1,1
000102001,1,1
001001110,1,1
020100100,1,1
000002002,1,1
020010000,1,1
011000020,1,1
100001001,1,1
102000100,1,1
010100200,1,1
120000010,1,1
210000100,1,1
031000000,1,1
200000020,1,1
000102100,1,1
000003001,1,1
000112000,1,1
000011001,1,1
000001001,1,1
000200001,1,1
110010010,1,1
000000101,1,1
000020010,1,1
000000210,1,1
002011000,1,1
002002000,1,1
003300000,102,2
111101000,70,2
111110000,69,2
111111000,48,2
003110000,42,2
003200000,41,2
111111110,36,2
111111100,34,2
111100100,33,2
011111000,32,2
111101100,32,2
111110100,31,2
110111000,31,2
101110100,28,2
110101100,28,2
003330000,27,2
011101100,26,2
002210000,26,2
002300000,25,2
103300000,24,2
110110100,21,2
102110000,21,2
211100000,21,2
103100000,20,2
000330000,20,2
111110010,17,2
001110110,17,2
102200000,17,2
111101110,16,2
003130000,16,2
013100000,16,2
011111100,16,2
111200100,15,2
011110100,15,2
112100000,15,2
001220000,15,2
001210100,14,2
003030000,14,2
101111000,14,2
003310000,14,2
002200100,13,2
301100000,13,2
111110110,13,2
111210000,13,2
112200000,13,2
110300000,12,2
300300000,12,2
101120000,12,2
013300000,12,2
002220000,12,2
210110000,12,2
101110010,12,2
003020000,12,2
001130000,12,2
102210000,12,2
001310000,11,2
112111000,11,2
003100100,11,2
110111100,11,2
111100010,11,2
111101010,11,2
111111111,11,2
101210000,11,2
003210000,11,2
001111100,11,2
900000000,11,2
011111110,10,2
013200000,10,2
110110010,10,2
013110000,10,2
113100000,10,2
000230000,10,2
201110000,10,2
111111001,10,2
003320000,10,2
022200000,10,2
111200000,10,2
110201000,10,2
202200000,10,2
010111100,10,2
010121000,9,2
101111100,9,2
012101000,9,2
001120100,9,2
112101000,9,2
000320000,9,2
111211000,9,2
303300000,9,2
012200000,9,2
113300000,9,2
102101000,9,2
103200000,9,2
112110000,9,2
112300000,9,2
111201000,9,2
111220000,8,2
303100000,8,2
001230000,8,2
001111110,8,2
003100010,8,2
111120100,8,2
102200100,8,2
111121000,8,2
010131000,8,2
011210000,8,2
011300000,8,2
003301000,8,2
111100110,8,2
001320000,8,2
111111010,8,2
101100110,8,2
001300100,8,2
003230000,8,2
003300100,7,2
101210100,7,2
010220000,7,2
002110100,7,2
003220000,7,2
200300000,7,2
113101000,7,2
013101000,7,2
111121110,7,2
300200000,7,2
012100100,7,2
213300000,7,2
211111110,7,2
011101010,7,2
113000000,7,2
111211100,7,2
113301000,7,2
110330000,7,2
012110000,7,2
102210100,7,2
112201100,7,2
101101100,7,2
010101110,7,2
303000000,7,2
111201100,7,2
003120000,7,2
002120000,7,2
010301000,7,2
112100100,7,2
012220000,6,2
002200200,6,2
121110000,6,2
111211110,6,2
101200010,6,2
201200000,6,2
011110010,6,2
011101110,6,2
010111110,6,2
001330000,6,2
121111000,6,2
113111100,6,2
000310010,6,2
102110100,6,2
030300000,6,2
002130000,6,2
110110110,6,2
011111010,6,2
103110000,6,2
001100030,6,2
112210000,6,2
103310000,6,2
111120000,6,2
110101010,6,2
110120000,6,2
111011000,6,2
101111110,6,2
111210100,6,2
100310000,6,2
110201100,6,2
012110100,6,2
200220000,5,2
033300000,5,2
202100000,5,2
112211100,5,2
102120000,5,2
102100100,5,2
112211000,5,2
111111011,5,2
222000000,5,2
100101110,5,2
120101000,5,2
301300000,5,2
003200100,5,2
012111100,5,2
111111101,5,2
121111100,5,2
300020000,5,2
012300000,5,2
100300100,5,2
113211000,5,2
003101000,5,2
002100110,5,2
120110000,5,2
101110110,5,2
111101101,5,2
111111120,5,2
101211000,5,2
222200000,5,2
021200000,5,2
300110000,5,2
010300100,5,2
112121100,5,2
113110000,5,2
101130000,5,2
112111100,5,2
011201000,5,2
010330000,5,2
112221000,5,2
103230000,5,2
100130000,5,2
121100000,5,2
110130000,5,2
020300000,5,2
003000300,5,2
113210000,5,2
001100300,5,2
113310000,5,2
002310000,5,2
002120100,5,2
110111010,4,2
102220000,4,2
101110200,4,2
202300000,4,2
001200020,4,2
003110100,4,2
001121000,4,2
010101101,4,2
011200100,4,2
113220000,4,2
011101001,4,2
111112000,4,2
112311000,4,2
002200010,4,2
102111000,4,2
103120000,4,2
101101110,4,2
003300200,4,2
010230000,4,2
110121000,4,2
111220100,4,2
203100000,4,2
103320000,4,2
113110100,4,2
101230000,4,2
101310000,4,2
302200000,4,2
110320000,4,2
200121000,4,2
130101000,4,2
101200100,4,2
111101210,4,2
100121000,4,2
111100200,4,2
002230000,4,2
003300300,4,2
330300000,4,2
001211000,4,2
203300000,4,2
013310000,4,2
000009000,4,2
103100100,4,2
003310100,4,2
112220000,4,2
112210100,4,2
011100110,4,2
002111000,4,2
012100010,4,2
010130000,4,2
011130000,4,2
210200000,4,2
003300010,4,2
010110110,4,2
101111010,4,2
111011100,4,2
310101000,4,2
011110110,4,2
110112000,4,2
003000030,4,2
101101010,4,2
111311100,4,2
003001100,4,2
112101100,4,2
111310100,4,2
100330000,4,2
110100110,4,2
120200000,4,2
110101111,4,2
111210110,4,2
002201000,4,2
101201000,4,2
010111010,4,2
111001100,4,2
000000330,4,2
112110100,4,2
310100000,4,2
110111110,4,2
302100000,4,2
112310000,4,2
211101000,4,2
003303000,4,2
112211010,4,2
001112100,3,2
100320000,3,2
012110110,3,2
111130100,3,2
010310000,3,2
200210000,3,2
131100000,3,2
021110000,3,2
011101200,3,2
101311000,3,2
121101110,3,2
010311000,3,2
121201000,3,2
013201000,3,2
201230000,3,2
000900000,3,2
023300000,3,2
111111200,3,2
111100300,3,2
121112000,3,2
000310100,3,2
120112000,3,2
113300100,3,2
003130010,3,2
302300000,3,2
203200000,3,2
022020020,3,2
111111020,3,2
112110110,3,2
002110010,3,2
012210100,3,2
013010000,3,2
111000110,3,2
301110000,3,2
110121100,3,2
111301100,3,2
112111110,3,2
000300330,3,2
000110300,3,2
012201000,3,2
110301100,3,2
221111000,3,2
001111010,3,2
211010000,3,2
300000300,3,2
112110010,3,2
213111000,3,2
020202000,3,2
220110000,3,2
101220000,3,2
010100030,3,2
100220000,3,2
330000000,3,2
213100100,3,2
022100100,3,2
011011100,3,2
010101011,3,2
102110110,3,2
011200010,3,2
200300100,3,2
103130000,3,2
103210000,3,2
111310110,3,2
033000000,3,2
000131000,3,2
111112100,3,2
111101011,3,2
113200000,3,2
213101000,3,2
000330030,3,2
102230000,3,2
220300000,3,2
023000000,3,2
011111001,3,2
103300100,3,2
121111110,3,2
012110200,3,2
111310000,3,2
011011010,3,2
220101000,3,2
111200110,3,2
110201010,3,2
100121010,3,2
110120110,3,2
113130000,3,2
110101110,3,2
001110120,3,2
101300100,3,2
111121100,3,2
112200100,3,2
100300110,3,2
103310100,3,2
012200100,3,2
203000000,3,2
313100000,3,2
110110210,3,2
013111100,3,2
110111101,3,2
002200020,3,2
000020300,3,2
203310000,3,2
002300100,3,2
110310000,3,2
102320000,3,2
102220100,3,2
211111000,3,2
212210100,3,2
012211100,3,2
301310000,3,2
011121100,3,2
013100100,3,2
300030000,3,2
121310000,3,2
002320000,3,2
111102000,3,2
103110110,3,2
113101110,3,2
001301000,3,2
001220110,3,2
011210100,3,2
020030000,3,2
010210010,3,2
003200010,3,2
111221000,3,2
102201000,3,2
203110000,3,2
002220200,3,2
121101100,3,2
112220010,3,2
110101001,3,2
200200020,3,2
300330000,3,2
021300000,3,2
111300000,3,2
300310000,3,2
001110300,3,2
113101100,3,2
201320100,3,2
110100200,3,2
100230000,3,2
020330000,3,2
111212000,3,2
012301000,3,2
012111000,3,2
013100010,3,2
110030000,3,2
310110000,3,2
200120000,3,2
112111200,3,2
112201000,3,2
103010000,3,2
110110200,3,2
130100000,3,2
021210000,3,2
110120100,3,2
001301010,3,2
111110200,3,2
700000000,3,2
111301000,3,2
113111000,3,2
113100100,3,2
002100300,3,2
010202000,3,2
202020000,3,2
201110010,3,2
001200110,3,2
013111000,3,2
010100300,3,2
000320100,3,2
311000000,3,2
111103000,3,2
110211100,3,2
001320100,3,2
013300100,3,2
001211010,2,2
321100000,2,2
011101201,2,2
102300000,2,2
330030000,2,2
020101100,2,2
203110100,2,2
101130100,2,2
113200100,2,2
211101100,2,2
110111300,2,2
200230000,2,2
011201110,2,2
003100110,2,2
103121000,2,2
012211000,2,2
013301000,2,2
012111200,2,2
003000310,2,2
012211010,2,2
112110200,2,2
312101000,2,2
000211100,2,2
201300100,2,2
203120100,2,2
003201000,2,2
110301000,2,2
103220100,2,2
111201210,2,2
303120000,2,2
002221000,2,2
011300010,2,2
110002001,2,2
112101110,2,2
011111111,2,2
002202030,2,2
030000300,2,2
102221000,2,2
212210000,2,2
120100100,2,2
112310100,2,2
202100010,2,2
103200100,2,2
112111001,2,2
020220000,2,2
001300001,2,2
101320110,2,2
021202000,2,2
001331000,2,2
020101001,2,2
000331000,2,2
000110030,2,2
111301200,2,2
012120000,2,2
111100210,2,2
201220000,2,2
301010000,2,2
202300100,2,2
111220110,2,2
030003001,2,2
111211010,2,2
003110300,2,2
213201000,2,2
001131000,2,2
001110200,2,2
111100001,2,2
110200030,2,2
022200200,2,2
012111110,2,2
111100101,2,2
001000310,2,2
000220100,2,2
002010020,2,2
022220000,2,2
321300000,2,2
212220000,2,2
101201100,2,2
012002000,2,2
110312100,2,2
111113000,2,2
012231000,2,2
111131000,2,2
001310010,2,2
010112010,2,2
131100100,2,2
103210100,2,2
220002000,2,2
001220200,2,2
211111010,2,2
002110210,2,2
200202000,2,2
110100310,2,2
011211000,2,2
013101010,2,2
001110020,2,2
113121000,2,2
113100020,2,2
110102000,2,2
000000900,2,2
113120000,2,2
020201000,2,2
000021200,2,2
101011100,2,2
110311000,2,2
100210100,2,2
000330100,2,2
103000100,2,2
121211000,2,2
213100000,2,2
103310010,2,2
011102000,2,2
120111000,2,2
221101001,2,2
200320000,2,2
011211100,2,2
111231000,2,2
110011010,2,2
221102000,2,2
102110200,2,2
212200010,2,2
003210100,2,2
300230000,2,2
300000020,2,2
210100100,2,2
000200300,2,2
102211100,2,2
103030000,2,2
121110100,2,2
113100010,2,2
320100000,2,2
011310000,2,2
000120300,2,2
221110100,2,2
211111100,2,2
210011000,2,2
110121200,2,2
220020000,2,2
012230000,2,2
000120200,2,2
210121000,2,2
202320000,2,2
000000230,2,2
100010210,2,2
200200200,2,2
000110330,2,2
101110210,2,2
201210000,2,2
011320000,2,2
221111100,2,2
011012000,2,2
223110000,2,2
301200000,2,2
112201200,2,2
210111010,2,2
013101110,2,2
113201000,2,2
221110000,2,2
102310000,2,2
100111100,2,2
000230100,2,2
103210110,2,2
110001101,2,2
122201100,2,2
113100110,2,2
000010310,2,2
300120000,2,2
202110100,2,2
100031000,2,2
111212100,2,2
222101010,2,2
102310010,2,2
000110210,2,2
103101000,2,2
211100010,2,2
212110000,2,2
113201100,2,2
003302000,2,2
111201110,2,2
100210010,2,2
111210010,2,2
111101200,2,2
102210110,2,2
230100000,2,2
111121010,2,2
111200010,2,2
300100030,2,2
100121001,2,2
012101100,2,2
013200010,2,2
121101000,2,2
021101011,2,2
230200000,2,2
010001300,2,2
100111010,2,2
210130000,2,2
230000000,2,2
101330000,2,2
203200100,2,2
011210110,2,2
000131100,2,2
013110010,2,2
110111001,2,2
011122100,2,2
212201000,2,2
102300020,2,2
101101200,2,2
011020100,2,2
011120010,2,2
000090000,2,2
111120110,2,2
330101000,2,2
002000220,2,2
103220000,2,2
210101000,2,2
110001210,2,2
202120000,2,2
112200010,2,2
020200200,2,2
200330000,2,2
101310100,2,2
010330010,2,2
211300000,2,2
103300200,2,2
001120110,2,2
120300000,2,2
300130000,2,2
123000000,2,2
210120010,2,2
101120020,2,2
111030010,2,2
310300000,2,2
002100020,2,2
210100001,2,2
203300100,2,2
211110100,2,2
330100000,2,2
003101010,2,2
102110210,2,2
102110010,2,2
110011100,2,2
011120000,2,2
103111000,2,2
011101310,2,2
121301000,2,2
013311000,2,2
000300300,2,2
310111000,2,2
200100300,2,2
303110000,2,2
012101001,2,2
001301100,2,2
111300100,2,2
002000210,2,2
112130000,2,2
011032000,2,2
102211000,2,2
102101100,2,2
300300300,2,2
110210000,2,2
112200110,2,2
320030000,2,2
011100200,2,2
002222000,2,2
003300020,2,2
310200000,2,2
110201110,2,2
111111300,2,2
103300010,2,2
001010300,2,2
113100001,2,2
001310100,2,2
010300200,2,2
020002300,2,2
011100120,2,2
011031000,2,2
101310010,2,2
101121100,2,2
003000200,2,2
101210010,2,2
110001110,2,2
111010100,2,2
201101000,2,2
112100010,2,2
021130000,2,2
100111110,2,2
111110210,2,2
201100010,2,2
012121200,2,2
003010010,2,2
122101000,2,2
033000300,2,2
012101110,2,2
001210010,2,2
111001010,2,2
013310010,2,2
111110001,2,2
111320000,2,2
211220000,2,2
111101111,2,2
003211000,2,2
002211000,2,2
000130100,2,2
210300000,2,2
110101101,2,2
010231100,2,2
003010100,2,2
001130200,2,2
102111100,2,2
011101101,2,2
122100000,2,2
000030300,2,2
113001000,2,2
030100100,2,2
100110120,2,2
110200200,2,2
110031000,2,2
222101000,2,2
112210010,2,2
211100100,2,2
301210000,2,2
103111110,2,2
210111000,2,2
010200020,2,2
030210000,2,2
113110110,2,2
002330000,2,2
111111210,2,2
112301100,2,2
102201100,2,2
220111100,2,2
002102000,2,2
000233000,2,2
101231000,2,2
203000020,2,2
010301100,2,2
001101110,2,2
030330000,2,2
201300000,2,2
013210000,2,2
211120000,2,2
102200110,2,2
010031000,2,2
211103000,2,2
010320000,2,2
213200000,2,2
013211000,2,2
200130000,2,2
110321000,2,2
000222000,2,2
010121100,2,2
112102100,2,2
111311000,2,2
000121100,2,2
101221100,2,2
112120000,2,2
110211200,2,2
012113000,2,2
100121100,2,2
002101100,2,2
001220100,2,2
100110110,2,2
012321000,2,2
002310100,2,2
111120010,2,2
012121110,2,2
002110110,2,2
011301001,2,2
021111110,2,2
110301010,2,2
013300110,2,2
130101110,2,2
210120100,2,2
111220010,2,2
111202100,2,2
002210100,2,2
123101001,2,2
120120000,2,2
101120100,2,2
200100020,2,2
013110100,2,2
110110001,2,2
101100210,2,2
112101001,2,2
003110010,2,2
010210200,2,2
009000000,2,2
001221000,2,2
011121000,2,2
110111111,2,2
200020200,2,2
012011000,2,2
120101001,2,2
302000000,2,2
221210000,2,2
123100100,2,2
102110120,2,2
212310000,2,2
102300100,2,2
020021020,1,2
103301000,1,2
130130010,1,2
003200220,1,2
011103000,1,2
000302100,1,2
220300110,1,2
312110100,1,2
021032001,1,2
000000320,1,2
210111111,1,2
121031000,1,2
130000300,1,2
120202000,1,2
230300010,1,2
010101300,1,2
310011010,1,2
211200200,1,2
222210000,1,2
000031020,1,2
120011001,1,2
132300000,1,2
211110200,1,2
210001220,1,2
112300100,1,2
013131000,1,2
010020300,1,2
022120000,1,2
103200010,1,2
013110021,1,2
230100300,1,2
112112010,1,2
201310000,1,2
100001300,1,2
111112110,1,2
100300020,1,2
013310100,1,2
100100120,1,2
111210210,1,2
013021000,1,2
120201101,1,2
110112200,1,2
000003300,1,2
200110110,1,2
103200300,1,2
120013010,1,2
101200200,1,2
001012110,1,2
012131100,1,2
220111000,1,2
121212000,1,2
201100100,1,2
210001200,1,2
000202200,1,2
110011001,1,2
111101211,1,2
310112100,1,2
201010030,1,2
300300200,1,2
102100010,1,2
320020100,1,2
121320000,1,2
100221000,1,2
301030000,1,2
200110100,1,2
123201000,1,2
011211001,1,2
002100011,1,2
012100001,1,2
012111020,1,2
021000200,1,2
110311010,1,2
011230000,1,2
102301000,1,2
003000330,1,2
303030000,1,2
201130000,1,2
202000020,1,2
113200010,1,2
112212000,1,2
111101001,1,2
110100113,1,2
000013011,1,2
000131010,1,2
033200000,1,2
020031100,1,2
001012010,1,2
002200110,1,2
212102010,1,2
003211100,1,2
310120100,1,2
020222000,1,2
013010010,1,2
301100100,1,2
310301000,1,2
112100200,1,2
313110000,1,2
010111002,1,2
001221210,1,2
302200100,1,2
110112010,1,2
011200310,1,2
213020100,1,2
222110010,1,2
011010200,1,2
000220200,1,2
001330020,1,2
120102120,1,2
013301010,1,2
003102000,1,2
110100030,1,2
000303000,1,2
001310130,1,2
321200000,1,2
003100200,1,2
000122000,1,2
212102100,1,2
300200300,1,2
113100210,1,2
120111210,1,2
110111112,1,2
102011200,1,2
113010010,1,2
131110110,1,2
101100300,1,2
001120200,1,2
012210110,1,2
001100120,1,2
220011000,1,2
300100100,1,2
012100200,1,2
120300100,1,2
010313000,1,2
011010030,1,2
222001100,1,2
111102110,1,2
123300000,1,2
210012000,1,2
100110020,1,2
300030300,1,2
110111130,1,2
030001100,1,2
002002200,1,2
101311010,1,2
102300110,1,2
011002200,1,2
103200200,1,2
113001110,1,2
110103110,1,2
012121001,1,2
111002130,1,2
003020020,1,2
010100320,1,2
013002010,1,2
000303300,1,2
110002230,1,2
210110110,1,2
000033000,1,2
131010100,1,2
200200300,1,2
001110310,1,2
220202000,1,2
013300101,1,2
210211010,1,2
220201110,1,2
310210000,1,2
221200200,1,2
123100000,1,2
011301100,1,2
101111120,1,2
111020100,1,2
001213200,1,2
122200200,1,2
011130010,1,2
300000230,1,2
210301000,1,2
112120100,1,2
222100000,1,2
322000000,1,2
110131000,1,2
013030000,1,2
001200120,1,2
030003000,1,2
113112000,1,2
120330000,1,2
211301100,1,2
003310010,1,2
000111200,1,2
100200020,1,2
130002000,1,2
010111200,1,2
321101100,1,2
002202200,1,2
131101001,1,2
130013100,1,2
001101200,1,2
102000130,1,2
011112100,1,2
210221100,1,2
120010200,1,2
333000000,1,2
120102000,1,2
211200300,1,2
001321010,1,2
100100130,1,2
303100020,1,2
020210020,1,2
013130100,1,2
110011120,1,2
301110030,1,2
012111010,1,2
012310010,1,2
202002200,1,2
102200010,1,2
212100000,1,2
020230100,1,2
112301010,1,2
122110000,1,2
230002020,1,2
100230300,1,2
031101000,1,2
022002200,1,2
202101110,1,2
010132000,1,2
111000300,1,2
111011101,1,2
201200130,1,2
210310000,1,2
070001000,1,2
123100020,1,2
010211001,1,2
102101110,1,2
020300200,1,2
101203110,1,2
200100220,1,2
010220001,1,2
101103000,1,2
210102210,1,2
110113000,1,2
022100000,1,2
300311100,1,2
003000020,1,2
000220010,1,2
210330000,1,2
112103100,1,2
221301000,1,2
101120010,1,2
003221000,1,2
110311200,1,2
210120000,1,2
101030000,1,2
010100130,1,2
000230020,1,2
110010110,1,2
012201100,1,2
110001030,1,2
111100320,1,2
031110000,1,2
111310010,1,2
101200230,1,2
210311000,1,2
011221000,1,2
120201010,1,2
101030110,1,2
122200000,1,2
001110111,1,2
300110200,1,2
000201210,1,2
301211010,1,2
007000000,1,2
212010010,1,2
120200110,1,2
001222000,1,2
201120120,1,2
000023000,1,2
030320000,1,2
202220100,1,2
130101111,1,2
112001110,1,2
021120000,1,2
020002203,1,2
020102000,1,2
110001021,1,2
013202000,1,2
100110320,1,2
102121000,1,2
021112000,1,2
110302011,1,2
012202000,1,2
313100100,1,2
310300020,1,2
110200210,1,2
100120200,1,2
200201000,1,2
003010200,1,2
013102001,1,2
321110100,1,2
011012011,1,2
003300030,1,2
000001202,1,2
031001000,1,2
310121000,1,2
000211010,1,2
210001120,1,2
111301110,1,2
120212000,1,2
100110220,1,2
002020010,1,2
121110110,1,2
122201000,1,2
223101000,1,2
110112100,1,2
101101020,1,2
210100010,1,2
001300020,1,2
302110000,1,2
023200000,1,2
000310110,1,2
013301001,1,2
212103000,1,2
120110200,1,2
122102100,1,2
201220020,1,2
112120010,1,2
001201120,1,2
201030100,1,2
111301101,1,2
000110130,1,2
021200200,1,2
101111020,1,2
001310020,1,2
112021010,1,2
222100200,1,2
221111001,1,2
030000003,1,2
003130100,1,2
113010000,1,2
012031000,1,2
100310010,1,2
301101110,1,2
212100012,1,2
101021000,1,2
022220100,1,2
120111110,1,2
021101002,1,2
220001001,1,2
010032000,1,2
212211000,1,2
010212000,1,2
201100020,1,2
213120000,1,2
011031011,1,2
110023100,1,2
002300200,1,2
011113000,1,2
201220110,1,2
110212010,1,2
033001000,1,2
102310100,1,2
121111001,1,2
021001100,1,2
301000110,1,2
000030220,1,2
110130100,1,2
011001110,1,2
130111000,1,2
000301002,1,2
300020210,1,2
230012010,1,2
010331000,1,2
002120300,1,2
010120300,1,2
111020010,1,2
300202000,1,2
000222100,1,2
110300210,1,2
022000030,1,2
100310100,1,2
010300210,1,2
103000010,1,2
220301000,1,2
101100220,1,2
011001011,1,2
011101011,1,2
123001001,1,2
211110110,1,2
233100000,1,2
030120000,1,2
030001001,1,2
102120120,1,2
003200030,1,2
021111201,1,2
030303000,1,2
003111010,1,2
301100010,1,2
210000200,1,2
103211000,1,2
013000001,1,2
300210000,1,2
013100020,1,2
030101000,1,2
120310000,1,2
002201010,1,2
232110000,1,2
110211120,1,2
300002000,1,2
112111101,1,2
230101100,1,2
300300001,1,2
200200100,1,2
003210010,1,2
213100110,1,2
011101210,1,2
010102200,1,2
003011000,1,2
221101000,1,2
100032000,1,2
213010000,1,2
120200100,1,2
200131000,1,2
011301011,1,2
111003100,1,2
120320000,1,2
330101010,1,2
220002100,1,2
013200200,1,2
112131000,1,2
120122000,1,2
111110011,1,2
310130000,1,2
122201010,1,2
003100300,1,2
111113010,1,2
100220020,1,2
120111100,1,2
110310200,1,2
000030030,1,2
112301000,1,2
220200200,1,2
121211100,1,2
212110100,1,2
002110020,1,2
111101120,1,2
232200000,1,2
012113001,1,2
000023300,1,2
103101010,1,2
023202000,1,2
110330010,1,2
010003100,1,2
002130110,1,2
003100002,1,2
013320000,1,2
203100010,1,2
030000020,1,2
003310020,1,2
030130000,1,2
000310300,1,2
102010100,1,2
222020000,1,2
201112000,1,2
032003100,1,2
010130110,1,2
110012001,1,2
011123100,1,2
031010000,1,2
700110000,1,2
110220100,1,2
102212100,1,2
220111110,1,2
303000030,1,2
011301020,1,2
203120000,1,2
310001300,1,2
002210300,1,2
011021100,1,2
003121000,1,2
001103010,1,2
000201020,1,2
001120130,1,2
000101130,1,2
101210030,1,2
201030000,1,2
110221000,1,2
110210110,1,2
112101200,1,2
111100011,1,2
330000001,1,2
020102010,1,2
112021000,1,2
010211010,1,2
021100111,1,2
110210100,1,2
110131100,1,2
021130011,1,2
112310010,1,2
221300000,1,2
320100100,1,2
002300030,1,2
203002000,1,2
120210300,1,2
001120001,1,2
111031010,1,2
000311001,1,2
012110001,1,2
001123000,1,2
220200100,1,2
310111110,1,2
131201000,1,2
211130100,1,2
100101020,1,2
112320000,1,2
000200210,1,2
121101010,1,2
011111101,1,2
210011110,1,2
300100120,1,2
310300010,1,2
230211000,1,2
210200300,1,2
030101001,1,2
111102001,1,2
132001020,1,2
013100120,1,2
101101300,1,2
011102300,1,2
001032000,1,2
312000100,1,2
011110300,1,2
011321100,1,2
001003100,1,2
212101000,1,2
200222100,1,2
100103000,1,2
210001300,1,2
300101110,1,2
302210000,1,2
331101000,1,2
002200300,1,2
323000000,1,2
110100120,1,2
003110210,1,2
000212000,1,2
023200001,1,2
111201200,1,2
012001010,1,2
220001301,1,2
012200020,1,2
011201200,1,2
111310200,1,2
021202002,1,2
103020010,1,2
302130000,1,2
110012310,1,2
023111100,1,2
032010000,1,2
701000000,1,2
011131000,1,2
202100300,1,2
000200220,1,2
111202200,1,2
110130020,1,2
111300030,1,2
023210010,1,2
111321000,1,2
200131100,1,2
103001000,1,2
013102010,1,2
000212020,1,2
000330003,1,2
210101210,1,2
211300010,1,2
000121200,1,2
211100200,1,2
112201001,1,2
121301001,1,2
101110011,1,2
020010021,1,2
011011030,1,2
001130300,1,2
011120300,1,2
211102020,1,2
010300030,1,2
101100020,1,2
113111001,1,2
233000001,1,2
111021012,1,2
031100100,1,2
110321100,1,2
123101000,1,2
110021000,1,2
220111200,1,2
100113200,1,2
001220120,1,2
001200210,1,2
010201100,1,2
000121010,1,2
122102000,1,2
002300010,1,2
211100020,1,2
100200310,1,2
002221100,1,2
112201011,1,2
003301100,1,2
100301110,1,2
101210110,1,2
002310200,1,2
121211010,1,2
020320110,1,2
200202030,1,2
120320100,1,2
001120020,1,2
010211000,1,2
221100000,1,2
012110210,1,2
030101300,1,2
112111010,1,2
011113010,1,2
002220020,1,2
221112000,1,2
102111210,1,2
200001030,1,2
200310120,1,2
000031001,1,2
310030000,1,2
211010100,1,2
003000121,1,2
121211001,1,2
212200200,1,2
100010300,1,2
301300100,1,2
111112011,1,2
100120100,1,2
021102001,1,2
010112001,1,2
111132000,1,2
310101110,1,2
311121000,1,2
311100100,1,2
100230200,1,2
001203000,1,2
201012000,1,2
120010010,1,2
203110110,1,2
020020130,1,2
200101100,1,2
032000000,1,2
011121001,1,2
200003000,1,2
210220100,1,2
110211000,1,2
220200000,1,2
003302010,1,2
102201200,1,2
021301000,1,2
121110200,1,2
010102010,1,2
121001100,1,2
000020320,1,2
311112000,1,2
030010100,1,2
310001000,1,2
000032000,1,2
101221020,1,2
133000100,1,2
211011000,1,2
012120110,1,2
003321000,1,2
210100200,1,2
000132000,1,2
002002100,1,2
013111200,1,2
020011100,1,2
310030020,1,2
000332100,1,2
011021010,1,2
010221000,1,2
001100330,1,2
021120100,1,2
220201000,1,2
013003000,1,2
030220000,1,2
121130010,1,2
220102000,1,2
211220100,1,2
310110100,1,2
010210002,1,2
310100010,1,2
070000100,1,2
102210210,1,2
313100001,1,2
101111001,1,2
220120001,1,2
002221020,1,2
111101220,1,2
200030020,1,2
002311110,1,2
132201000,1,2
330100010,1,2
112012200,1,2
710000100,1,2
113102010,1,2
111230000,1,2
002320100,1,2
110121010,1,2
011310300,1,2
003011110,1,2
110301001,1,2
022010000,1,2
021121010,1,2
030011200,1,2
011003000,1,2
100211000,1,2
010101200,1,2
000130010,1,2
012130100,1,2
112201010,1,2
010111201,1,2
210101200,1,2
102100300,1,2
012210000,1,2
001321000,1,2
013302000,1,2
010030020,1,2
211102100,1,2
101100120,1,2
021230010,1,2
020211020,1,2
220201200,1,2
011311000,1,2
020100121,1,2
211310000,1,2
110202001,1,2
002112001,1,2
201101001,1,2
020100210,1,2
011131010,1,2
022011000,1,2
221110200,1,2
210202000,1,2
130021000,1,2
113210010,1,2
030301100,1,2
002001310,1,2
003122000,1,2
112011200,1,2
211100210,1,2
202203000,1,2
211200000,1,2
110212000,1,2
221100100,1,2
102210010,1,2
011112000,1,2
003132000,1,2
000102023,1,2
002031010,1,2
002300300,1,2
311300000,1,2
113030000,1,2
203211000,1,2
021101001,1,2
002100330,1,2
023030000,1,2
113001100,1,2
123200000,1,2
030000030,1,2
112003110,1,2
112020110,1,2
123100200,1,2
011210010,1,2
021132000,1,2
220211000,1,2
021321000,1,2
110200100,1,2
200130100,1,2
320010000,1,2
020201020,1,2
002202000,1,2
010301010,1,2
102330000,1,2
321100200,1,2
030202000,1,2
111101020,1,2
301120000,1,2
111012000,1,2
012121000,1,2
110011300,1,2
111210200,1,2
010021011,1,2
110111200,1,2
200310000,1,2
310010000,1,2
023003001,1,2
111101103,1,2
122110010,1,2
122111010,1,2
212110110,1,2
111011010,1,2
121120000,1,2
002210010,1,2
011300031,1,2
012212001,1,2
011222100,1,2
033002000,1,2
110220110,1,2
000700000,1,2
010203101,1,2
102121010,1,2
011311100,1,2
231110000,1,2
000320200,1,2
122310000,1,2
103000310,1,2
211101011,1,2
003201010,1,2
022202000,1,2
100300300,1,2
211110300,1,2
302000030,1,2
013102000,1,2
212200000,1,2
111300210,1,2
011110001,1,2
221101010,1,2
002030000,1,2
003200001,1,2
310101030,1,2
111101202,1,2
111212001,1,2
000220110,1,2
112001000,1,2
013200020,1,2
300000003,1,2
310130100,1,2
003311000,1,2
003100020,1,2
311310000,1,2
112200300,1,2
112000100,1,2
010203100,1,2
110300100,1,2
122103000,1,2
001230100,1,2
121011012,1,2
000031003,1,2
110321010,1,2
202201000,1,2
211211100,1,2
031301000,1,2
001100220,1,2
202220000,1,2
111011310,1,2
003120100,1,2
123100110,1,2
131300010,1,2
000311000,1,2
101001110,1,2
330010000,1,2
001112000,1,2
002201100,1,2
110100101,1,2
013201001,1,2
112130001,1,2
110111020,1,2
102203000,1,2
302101000,1,2
111121001,1,2
300200030,1,2
011011011,1,2
001303000,1,2
001220010,1,2
121000100,1,2
001030010,1,2
012210010,1,2
102200200,1,2
101300200,1,2
012101200,1,2
300003000,1,2
003033000,1,2
110301020,1,2
003020030,1,2
110003000,1,2
023300010,1,2
101012100,1,2
001121100,1,2
001120010,1,2
010033000,1,2
013001001,1,2
111020000,1,2
120111111,1,2
010130100,1,2
202311000,1,2
000011013,1,2
330000010,1,2
022001000,1,2
011201100,1,2
130112010,1,2
011111120,1,2
220012020,1,2
012310100,1,2
010301110,1,2
102130200,1,2
011301200,1,2
021000020,1,2
201020201,1,2
113100030,1,2
011310010,1,2
110201111,1,2
100020110,1,2
001200200,1,2
010130020,1,2
110100102,1,2
100311100,1,2
000100007,1,2
110103000,1,2
220112000,1,2
121010100,1,2
011220210,1,2
120121020,1,2
310103100,1,2
120300021,1,2
100211200,1,2
100000121,1,2
121011000,1,2
012201010,1,2
111010011,1,2
113101010,1,2
011020110,1,2
103130100,1,2
010103011,1,2
201121000,1,2
010200110,1,2
102200210,1,2
023002000,1,2
100210110,1,2
110310110,1,2
100011210,1,2
120210000,1,2
022002000,1,2
231200000,1,2
220210000,1,2
111300300,1,2
002210220,1,2
130100001,1,2
102211011,1,2
111201001,1,2
203010000,1,2
003110110,1,2
002200210,1,2
300001100,1,2
100231000,1,2
101330010,1,2
021210010,1,2
000102200,1,2
313010000,1,2
100300320,1,2
002103000,1,2
103110100,1,2
220100001,1,2
210112110,1,2
011101202,1,2
011221110,1,2
002321000,1,2
112100101,1,2
320100110,1,2
012220010,1,2
001110220,1,2
230210000,1,2
011102010,1,2
210111100,1,2
000030101,1,2
103110010,1,2
101330100,1,2
110000210,1,2
120101120,1,2
121110010,1,2
101110020,1,2
100201200,1,2
210121200,1,2
023101110,1,2
111130000,1,2
210200020,1,2
210000310,1,2
302220000,1,2
210220000,1,2
101321000,1,2
200220300,1,2
222002000,1,2
002211100,1,2
000111300,1,2
020000300,1,2
101230110,1,2
031200000,1,2
001100310,1,2
123001200,1,2
111203001,1,2
330120000,1,2
103310001,1,2
112001100,1,2
000313100,1,2
003000003,1,2
012110300,1,2
100102030,1,2
110102300,1,2
110121001,1,2
112202100,1,2
022001010,1,2
201200010,1,2
202310100,1,2
030301002,1,2
220201100,1,2
001130100,1,2
111002100,1,2
102110020,1,2
110310100,1,2
300320000,1,2
010320100,1,2
002200001,1,2
310220000,1,2
001113000,1,2
022101100,1,2
300300020,1,2
110110300,1,2
000002220,1,2
221010000,1,2
020113000,1,2
212100100,1,2
003130110,1,2
102100200,1,2
112101101,1,2
110001310,1,2
101310300,1,2
003001120,1,2
010311100,1,2
123001011,1,2
020310001,1,2
001000230,1,2
121210000,1,2
011012010,1,2
312300000,1,2
302010000,1,2
110202110,1,2
003111110,1,2
000330101,1,2
020310100,1,2
110110101,1,2
012001001,1,2
201320000,1,2
201310010,1,2
011030300,1,2
020111000,1,2
101320100,1,2
011012110,1,2
201100110,1,2
110102020,1,2
001113010,1,2
013110200,1,2
100013010,1,2
013220100,1,2
102230100,1,2
113011000,1,2
011211101,1,2
201110100,1,2
101102300,1,2
121110210,1,2
012220100,1,2
013100001,1,2
121103000,1,2
220101100,1,2
122211000,1,2
110210121,1,2
121101111,1,2
220000100,1,2
302310000,1,2
102300300,1,2
130010010,1,2
032300000,1,2
101102220,1,2
303010000,1,2
001131100,1,2
011111011,1,2
011122001,1,2
020102202,1,2
000300030,1,2
002031100,1,2
030310010,1,2
120200300,1,2
030000002,1,2
030020000,1,2
300000030,1,2
003032000,1,2
130110010,1,2
112021110,1,2
012103101,1,2
110300110,1,2
210121100,1,2
021300101,1,2
100220001,1,2
011300130,1,2
001130010,1,2
221211000,1,2
010211020,1,2
113100300,1,2
122000000,1,2
301111000,1,2
022110200,1,2
203030000,1,2
001300010,1,2
110310010,1,2
123030000,1,2
110012000,1,2
210111200,1,2
002111010,1,2
112021100,1,2
012300001,1,2
003230100,1,2
100132100,1,2
011310100,1,2
111002101,1,2
001002300,1,2
011200110,1,2
012110011,1,2
222000100,1,2
101111300,1,2
201003000,1,2
033000003,1,2
101201200,1,2
012013001,1,2
012221100,1,2
000130030,1,2
020201200,1,2
201103000,1,2
103200020,1,2
101303000,1,2
120002011,1,2
030001310,1,2
112101011,1,2
113100101,1,2
131000001,1,2
112210001,1,2
021100100,1,2
000232002,1,2
012221000,1,2
020200300,1,2
012220020,1,2
320000300,1,2
003111000,1,2
001031000,1,2
003003000,1,2
101131000,1,2
122001100,1,2
012111111,1,2
102211110,1,2
102020000,1,2
201110110,1,2
213101001,1,2
113020000,1,2
000021230,1,2
001210200,1,2
130301001,1,2
101010200,1,2
033100000,1,2
100211110,1,2
221101100,1,2
202110011,1,2
003030003,1,2
010010300,1,2
212111000,1,2
011212100,1,2
021112100,1,2
030111001,1,2
011100030,1,2
110310001,1,2
013000100,1,2
120103200,1,2
110111102,1,2
012302000,1,2
221100010,1,2
013020000,1,2
221121000,1,2
021001010,1,2
112113000,1,2
110100020,1,2
313000000,1,2
111010010,1,2
020210100,1,2
203003000,1,2
131310000,1,2
001111201,1,2
020301200,1,2
321110000,1,2
120202100,1,2
201330000,1,2
111122100,1,2
212121000,1,2
121210010,1,2
030100300,1,2
101001011,1,2
200220010,1,2
210101310,1,2
110320101,1,2
120101100,1,2
001132000,1,2
113011110,1,2
003030100,1,2
111102300,1,2
001102100,1,2
123001010,1,2
002100210,1,2
110301300,1,2
010131110,1,2
012130200,1,2
211120110,1,2
123000010,1,2
011202000,1,2
003200020,1,2
112010000,1,2
110112110,1,2
011220000,1,2
010121010,1,2
032000100,1,2
003220010,1,2
110101201,1,2
022300000,1,2
310021000,1,2
000302200,1,2
110001120,1,2
110020010,1,2
000311100,1,2
111100130,1,2
222102000,1,2
110232000,1,2
310102000,1,2
011301110,1,2
131110010,1,2
220311000,1,2
231100010,1,2
003101200,1,2
321101010,1,2
111200030,1,2
113000100,1,2
201200110,1,2
100201100,1,2
032200000,1,2
121210110,1,2
013030001,1,2
010101103,1,2
101112000,1,2
100220220,1,2
101101101,1,2
013200100,1,2
110022000,1,2
013000010,1,2
010310110,1,2
012210001,1,2
012130000,1,2
011111030,1,2
012101210,1,2
201010010,1,2
110110111,1,2
110121020,1,2
012000101,1,2
000300220,1,2
310230000,1,2
013001000,1,2
110230000,1,2
011003100,1,2
200030000,1,2
030103000,1,2
011112001,1,2
111110310,1,2
102113000,1,2
020211000,1,2
211300101,1,2
021120111,1,2
102130100,1,2
111211200,1,2
101131110,1,2
130111101,1,2
013120000,1,2
020002200,1,2
001330100,1,2
100131000,1,2
001220030,1,2
211200100,1,2
010130101,1,2
001101111,1,2
121011011,1,2
202210000,1,2
110201210,1,2
200300300,1,2
230310000,1,2
103111100,1,2
010002320,1,2
202110000,1,2
121121100,1,2
132010000,1,2
112011010,1,2
210100300,1,2
210000002,1,2
102320100,1,2
111113100,1,2
310001200,1,2
011330000,1,2
330000200,1,2
000201200,1,2
112112001,1,2
101131100,1,2
303011000,1,2
200110300,1,2
102111010,1,2
012023000,1,2
023003000,1,2
011300100,1,2
000100230,1,2
011102002,1,2
112100300,1,2
103010210,1,2
200300110,1,2
013001030,1,2
100110300,1,2
033000030,1,2
120201000,1,2
021100020,1,2
122101011,1,2
002120010,1,2
112202010,1,2
111030000,1,2
122101010,1,2
312200010,1,2
211011111,1,2
110121110,1,2
011220100,1,2
120101300,1,2
113210100,1,2
112201101,1,2
220110010,1,2
110221010,1,2
301301100,1,2
211011110,1,2
121011010,1,2
102001010,1,2
111211101,1,2
201011000,1,2
112012100,1,2
213210000,1,2
001311000,1,2
031000100,1,2
012330000,1,2
110012010,1,2
101111111,1,2
201111110,1,2
010000130,1,2
112200200,1,2
110130110,1,2
000230010,1,2
013100130,1,2
121200100,1,2
021101010,1,2
110001111,1,2
012001100,1,2
120112110,1,2
210002120,1,2
123102000,1,2
220130000,1,2
311111100,1,2
320002100,1,2
010102001,1,2
110201011,1,2
020003002,1,2
000332000,1,2
020002002,1,2
111201300,1,2
000200030,1,2
000010130,1,2
110101003,1,2
321120000,1,2
012320000,1,2
110030310,1,2
021221100,1,2
001133000,1,2
100232000,1,2
000210110,1,2
003000110,1,2
111001001,1,2
330100100,1,2
111200200,1,2
122000100,1,2
111011110,1,2
013130000,1,2
003201020,1,2
133101000,1,2
112210200,1,2
211201110,1,2
300002010,1,2
201101010,1,2
030103001,1,2
000330210,1,2
231101010,1,2
310010300,1,2
011310200,1,2
222001011,1,2
220120000,1,2
023100102,1,2
013021020,1,2
111112020,1,2
000300200,1,2
012311010,1,2
112030011,1,2
013111110,1,2
312001000,1,2
311000210,1,2
110110120,1,2
300213000,1,2
330101100,1,2
001101301,1,2
130211000,1,2
301000100,1,2
110123000,1,2
001210110,1,2
111011001,1,2
103100200,1,2
012310000,1,2
130100010,1,2
123101100,1,2
120031001,1,2
090000000,1,2
311000202,1,2
002011300,1,2
020103300,1,2
122100010,1,2
001231100,1,2
020022000,1,2
010330100,1,2
021101000,1,2
112300110,1,2
001000220,1,2
202310000,1,2
321200100,1,2
010011300,1,2
000031030,1,2
000002030,1,2
000100130,1,2
010101130,1,2
030110011,1,2
002033000,1,2
103101100,1,2
000313010,1,2
101130210,1,2
020210000,1,2
001100210,1,2
210101002,1,2
010112110,1,2
001231000,1,2
003022000,1,2
020230000,1,2
110031110,1,2
130210010,1,2
001122100,1,2
101120110,1,2
110211110,1,2
020120000,1,2
001201230,1,2
010300110,1,2
210112100,1,2
211010110,1,2
010110310,1,2
000333000,1,2
200121300,1,2
110102200,1,2
101222000,1,2
012101300,1,2
112112100,1,2
211110000,1,2
130310010,1,2
013101100,1,2
003230010,1,2
120200020,1,2
100133000,1,2
320003001,1,2
022022000,1,2
100210200,1,2
011021000,1,2
202000200,1,2
130101100,1,2
302120000,1,2
012200200,1,2
111221100,1,2
201010220,1,2
000231010,1,2
112101030,1,2
003020300,1,2
321000000,1,2
000011300,1,2
303210000,1,2
011112110,1,2
111012011,1,2
002012000,1,2
220320000,1,2
102301100,1,2
111102101,1,2
121111010,1,2
022110100,1,2
101033000,1,2
201122000,1,2
120121010,1,2
101221000,1,2
020130000,1,2
011000030,1,2
101301000,1,2
201200310,1,2
310101100,1,2
130101001,1,2
201021030,1,2
310202100,1,2
102100020,1,2
120001100,1,2
130301000,1,2
021030000,1,2
001100130,1,2
022020002,1,2
020111100,1,2
022310100,1,2
111110101,1,2
110002010,1,2
020002210,1,2
122120000,1,2
201111100,1,2
212200100,1,2
111010110,1,2
311110010,1,2
112130010,1,2
013110201,1,2
001330010,1,2
012200110,1,2
300011000,1,2
221101101,1,2
010113200,1,2
120301100,1,2
101121000,1,2
022101110,1,2
111201010,1,2
220001000,1,2
121210002,1,2
033003000,1,2
012000230,1,2
110101002,1,2
000301100,1,2
011000300,1,2
122112000,1,2
110302001,1,2
011200200,1,2
100221100,1,2
221100200,1,2
310003100,1,2
111330000,1,2
012010220,1,2
122100210,1,2
202010000,1,2
010012020,1,2
003310001,1,2
003200200,1,2
023010000,1,2
200100200,1,2
232000000,1,2
121100100,1,2
000113100,1,2
201100030,1,2
202200100,1,2
210302100,1,2
111112101,1,2
003300110,1,2
103201100,1,2
103010100,1,2
001332000,1,2
103100300,1,2
110222000,1,2
210101100,1,2
133200000,1,2
023100000,1,2
200210100,1,2
003030020,1,2
110001011,1,2
101220100,1,2
110120220,1,2
002111300,1,2
011111210,1,2
110311100,1,2
113002110,1,2
011020010,1,2
111130110,1,2
202100030,1,2
012112010,1,2
130210001,1,2
202101100,1,2
222000110,1,2
010122000,1,2
110320001,1,2
003101001,1,2
201111000,1,2
020201100,1,2
320000100,1,2
001021001,1,2
111001120,1,2
102120100,1,2
100112010,1,2
201120000,1,2
100100310,1,2
211002010,1,2
300100230,1,2
022201110,1,2
200110020,1,2
013011000,1,2
220202100,1,2
001300300,1,2
001300030,1,2
110131001,1,2
120211000,1,2
212301000,1,2
300030030,1,2
022000101,1,2
011000111,1,2
201300010,1,2
112100110,1,2
131001003,1,2
010120120,1,2
330200010,1,2
101010020,1,2
310000100,1,2
010230010,1,2
221200000,1,2
012302100,1,2
120000110,1,2
002100310,1,2
310103000,1,2
101112010,1,2
000111120,1,2
102011000,1,2
013200120,1,2
012300021,1,2
201131000,1,2
110200110,1,2
112102000,1,2
110121030,1,2
101230100,1,2
220001100,1,2
022230000,1,2
003310110,1,2
000000009,1,2
112020010,1,2
223100000,1,2
100301103,1,2
022201100,1,2
220121000,1,2
222100020,1,2
210210010,1,2
110102101,1,2
020210002,1,2
132101010,1,2
120001200,1,2
102111200,1,2
210002030,1,2
210102010,1,2
110331000,1,2
300200100,1,2
000330300,1,2
021210100,1,2
311200020,1,2
231100000,1,2
021200100,1,2
101011010,1,2
122001000,1,2
120110010,1,2
031201000,1,2
110101120,1,2
130031000,1,2
220100000,1,2
010112210,1,2
003300120,1,2
112103001,1,2
110012200,1,2
100101101,1,2
110122010,1,2
312110000,1,2
001001300,1,2
120001110,1,2
000110220,1,2
112221100,6,3
113310100,6,3
223300000,6,3
113310010,5,3
303330000,5,3
203320000,5,3
203330000,5,3
013330000,4,3
113211100,4,3
003330100,4,3
113311100,4,3
313300000,4,3
113111110,4,3
333300000,4,3
113311000,4,3
112211110,4,3
113311110,3,3
112321000,3,3
103330000,3,3
123301000,3,3
113321000,3,3
313310100,3,3
112111120,3,3
113230000,3,3
212321000,3,3
221221000,3,3
111212110,3,3
003330300,3,3
103310300,3,3
900100000,3,3
113301200,3,3
311111110,3,3
233300000,3,3
103320010,3,3
113331110,3,3
303303000,3,3
122222200,3,3
223310000,3,3
330330000,3,3
222220000,3,3
013330100,3,3
113300300,3,3
222221110,3,3
113303000,3,3
112321100,3,3
112221210,3,3
233330000,3,3
003331000,3,3
031313000,3,3
013311110,3,3
213330000,3,3
111211111,3,3
113221100,3,3
112121111,3,3
103330010,3,3
223321100,3,3
313300100,2,3
113320200,2,3
313311100,2,3
003300330,2,3
213211000,2,3
213201100,2,3
323310000,2,3
331303000,2,3
013300030,2,3
113320110,2,3
332200000,2,3
113333000,2,3
113230120,2,3
223211100,2,3
212221210,2,3
313300300,2,3
322210000,2,3
323300000,2,3
111113110,2,3
212302000,2,3
122221200,2,3
113310111,2,3
213311000,2,3
111331101,2,3
013112230,2,3
212221000,2,3
112220210,2,3
113320000,2,3
331310000,2,3
222301100,2,3
230110300,2,3
113331010,2,3
112222100,2,3
003130300,2,3
000200900,2,3
113320300,2,3
322230000,2,3
213300100,2,3
112112110,2,3
212230000,2,3
112112200,2,3
213100300,2,3
113133100,2,3
003310300,2,3
112222110,2,3
213321100,2,3
313300200,2,3
112322100,2,3
322312100,2,3
113320100,2,3
201330100,2,3
112330200,2,3
113310310,2,3
111131111,2,3
123212010,2,3
113312100,2,3
111131110,2,3
222222100,2,3
103230100,2,3
113321110,2,3
111112111,2,3
112332110,2,3
112331000,2,3
223300200,2,3
233301110,2,3
113211010,2,3
013211110,2,3
313330000,2,3
022220200,2,3
003332000,2,3
222330200,2,3
112312100,2,3
011113330,2,3
133231100,2,3
112211200,2,3
113212000,2,3
112311110,2,3
213231000,2,3
112212110,2,3
323320000,2,3
123311110,2,3
112322000,2,3
033303000,2,3
112320210,2,3
113321120,2,3
110131310,2,3
211131210,2,3
112121110,2,3
121202110,2,3
220232000,2,3
112222000,2,3
000290000,2,3
103320210,2,3
013311010,2,3
112331100,2,3
221111311,2,3
223322000,2,3
113011030,2,3
013131100,2,3
000232030,2,3
113211110,2,3
113221000,2,3
111311210,2,3
133310300,2,3
221212000,2,3
111311200,2,3
113211210,2,3
113113000,2,3
211311100,2,3
111212200,2,3
232330000,2,3
111221110,2,3
023331000,2,3
121122310,2,3
112210300,2,3
223301001,2,3
110111320,2,3
112230100,2,3
222221210,2,3
311121110,1,3
302310100,1,3
102331100,1,3
113012200,1,3
230222200,1,3
010223002,1,3
233321000,1,3
132203000,1,3
310112213,1,3
211223100,1,3
013200230,1,3
223312010,1,3
111221210,1,3
333100300,1,3
001311130,1,3
313101220,1,3
203300020,1,3
113112011,1,3
031300030,1,3
021123121,1,3
223211110,1,3
112331010,1,3
113323100,1,3
390000000,1,3
211131110,1,3
302300030,1,3
121221300,1,3
123310010,1,3
033120300,1,3
212120330,1,3
222202130,1,3
111132100,1,3
021332000,1,3
330103100,1,3
331300200,1,3
011123110,1,3
103130200,1,3
003323300,1,3
003300320,1,3
111310111,1,3
111111031,1,3
123212102,1,3
212311100,1,3
013331210,1,3
113330100,1,3
131330000,1,3
303310300,1,3
112311020,1,3
111200323,1,3
331111110,1,3
203320120,1,3
332100120,1,3
033230000,1,3
212331002,1,3
211330310,1,3
113231100,1,3
212131030,1,3
211121200,1,3
011302030,1,3
103330200,1,3
203201110,1,3
113332000,1,3
130203010,1,3
111220120,1,3
901300000,1,3
110332310,1,3
321202030,1,3
312310220,1,3
302311300,1,3
222020020,1,3
332330000,1,3
113220100,1,3
112310200,1,3
111222020,1,3
132310020,1,3
222212201,1,3
231211200,1,3
112310110,1,3
031031030,1,3
112320310,1,3
112222200,1,3
112213201,1,3
112130120,1,3
330303200,1,3
313330010,1,3
203220020,1,3
202110022,1,3
310033030,1,3
021232022,1,3
303200030,1,3
030301230,1,3
023230300,1,3
111323300,1,3
321220000,1,3
203320300,1,3
233102100,1,3
303310100,1,3
221211120,1,3
313201000,1,3
201322220,1,3
013303003,1,3
220132000,1,3
023111200,1,3
232303100,1,3
121122200,1,3
220202020,1,3
110231210,1,3
031303000,1,3
113100320,1,3
033233000,1,3
121313000,1,3
003303030,1,3
010301213,1,3
113320120,1,3
322300101,1,3
111131120,1,3
013220330,1,3
133112102,1,3
321312100,1,3
311101210,1,3
222210100,1,3
211220220,1,3
221313100,1,3
113311210,1,3
113032111,1,3
112211101,1,3
013130020,1,3
032033001,1,3
221122310,1,3
211111300,1,3
103331200,1,3
122330210,1,3
022103012,1,3
111121221,1,3
112322110,1,3
022103102,1,3
112201210,1,3
211103002,1,3
123321020,1,3
133303001,1,3
203330200,1,3
312100300,1,3
022222000,1,3
221221220,1,3
032300002,1,3
030233030,1,3
221122101,1,3
000130330,1,3
212120120,1,3
330310000,1,3
030230320,1,3
113222010,1,3
013330010,1,3
213220310,1,3
233100300,1,3
122301300,1,3
110121310,1,3
122312000,1,3
232002302,1,3
211211210,1,3
231123000,1,3
903000000,1,3
013100230,1,3
013001090,1,3
333301000,1,3
210033030,1,3
311111011,1,3
111103111,1,3
113202210,1,3
003330320,1,3
011201230,1,3
313130210,1,3
220301200,1,3
313130000,1,3
311300020,1,3
120000700,1,3
221002313,1,3
112222211,1,3
220031200,1,3
220303001,1,3
321311010,1,3
223200220,1,3
013333000,1,3
131312210,1,3
333300200,1,3
223321001,1,3
331110100,1,3
212230100,1,3
303222000,1,3
112111112,1,3
113231000,1,3
100000090,1,3
112120330,1,3
131032100,1,3
032333000,1,3
122221121,1,3
232113200,1,3
112331110,1,3
090100000,1,3
221201211,1,3
131110030,1,3
113222100,1,3
303300300,1,3
211310110,1,3
120213130,1,3
223310020,1,3
311211120,1,3
320201002,1,3
111130300,1,3
113030110,1,3
213210300,1,3
131130120,1,3
201110320,1,3
322311000,1,3
103330210,1,3
000333200,1,3
122202200,1,3
031301102,1,3
113201200,1,3
112211220,1,3
113132000,1,3
122213001,1,3
211123100,1,3
313211110,1,3
022103320,1,3
223302100,1,3
112201120,1,3
013302110,1,3
123331000,1,3
133101210,1,3
312300101,1,3
212222210,1,3
131101331,1,3
321211220,1,3
330001003,1,3
122211100,1,3
012301220,1,3
300331000,1,3
312211100,1,3
003330200,1,3
113201101,1,3
330303010,1,3
320133100,1,3
333100000,1,3
120312010,1,3
223121110,1,3
213301220,1,3
121113021,1,3
103311110,1,3
211320110,1,3
013313021,1,3
313322000,1,3
033300320,1,3
110123101,1,3
303300220,1,3
112121210,1,3
212120320,1,3
113120230,1,3
333200110,1,3
211212120,1,3
111122110,1,3
323100010,1,3
031132301,1,3
102311110,1,3
302321300,1,3
203330010,1,3
313310110,1,3
112212020,1,3
213131020,1,3
232222100,1,3
211111220,1,3
201111310,1,3
313222000,1,3
132010310,1,3
222203210,1,3
320112111,1,3
111330010,1,3
211331120,1,3
230112020,1,3
011121220,1,3
013303111,1,3
130212110,1,3
031131110,1,3
313301210,1,3
030323000,1,3
032200300,1,3
030700000,1,3
221320020,1,3
330222001,1,3
333110100,1,3
102321300,1,3
003120320,1,3
221311110,1,3
221221201,1,3
330312110,1,3
310300120,1,3
111312121,1,3
113200130,1,3
133310101,1,3
110303300,1,3
222220200,1,3
233220020,1,3
112220220,1,3
133101001,1,3
102030130,1,3
221331101,1,3
203300300,1,3
010333000,1,3
212321100,1,3
213120100,1,3
113330210,1,3
121222000,1,3
223203000,1,3
011111303,1,3
103230010,1,3
220300300,1,3
103201030,1,3
011312200,1,3
223220210,1,3
322102310,1,3
212112001,1,3
010133020,1,3
103331001,1,3
112121200,1,3
211231000,1,3
111211120,1,3
212111030,1,3
312121111,1,3
203010330,1,3
131330200,1,3
013311201,1,3
110330110,1,3
003030303,1,3
122220010,1,3
030003013,1,3
113300002,1,3
310330000,1,3
321311100,1,3
013030130,1,3
110113300,1,3
231203201,1,3
313310030,1,3
103300230,1,3
221332100,1,3
033000310,1,3
003033200,1,3
322321000,1,3
131111111,1,3
130230310,1,3
113103001,1,3
102310230,1,3
133300100,1,3
323301020,1,3
221111220,1,3
003221300,1,3
113111310,1,3
311120110,1,3
321301300,1,3
231311110,1,3
112212011,1,3
121112210,1,3
330120001,1,3
212210120,1,3
030030310,1,3
023310200,1,3
200233301,1,3
111321120,1,3
032223011,1,3
111311112,1,3
122112100,1,3
220102120,1,3
222102100,1,3
900010000,1,3
121312020,1,3
102211220,1,3
211113101,1,3
211221010,1,3
331100120,1,3
112211201,1,3
023330020,1,3
221111200,1,3
030313301,1,3
023223200,1,3
233021021,1,3
110131300,1,3
123101311,1,3
302331110,1,3
330003030,1,3
003130210,1,3
221312012,1,3
311303000,1,3
013322100,1,3
112310210,1,3
002330300,1,3
023301002,1,3
323111000,1,3
110122220,1,3
211022101,1,3
222202202,1,3
222110120,1,3
113312200,1,3
231103200,1,3
000001333,1,3
331321000,1,3
222220020,1,3
123110310,1,3
112130030,1,3
001321300,1,3
232230010,1,3
323312000,1,3
223331000,1,3
232120100,1,3
212323000,1,3
000720010,1,3
231121120,1,3
031211030,1,3
122231110,1,3
203201130,1,3
111131330,1,3
111103311,1,3
030220232,1,3
033202000,1,3
232202201,1,3
132330010,1,3
320330000,1,3
212220200,1,3
221120030,1,3
212220310,1,3
102130030,1,3
222200330,1,3
111202111,1,3
012321011,1,3
111112321,1,3
003303300,1,3
003320110,1,3
010213130,1,3
112203310,1,3
123230000,1,3
013223100,1,3
113210120,1,3
121111120,1,3
112201030,1,3
213212000,1,3
311203220,1,3
212310020,1,3
003322200,1,3
032220110,1,3
011132200,1,3
311321011,1,3
221023000,1,3
323201000,1,3
321110220,1,3
023300031,1,3
311102110,1,3
113130200,1,3
130320200,1,3
002202220,1,3
112223100,1,3
213321110,1,3
111022120,1,3
122132011,1,3
123202001,1,3
213222200,1,3
303331010,1,3
023231300,1,3
001900000,1,3
013311020,1,3
223300130,1,3
233221000,1,3
113031131,1,3
221212111,1,3
233002220,1,3
111220210,1,3
222301110,1,3
222020200,1,3
321300200,1,3
123301300,1,3
220102021,1,3
111201310,1,3
013310200,1,3
111232000,1,3
131213011,1,3
013223110,1,3
033032120,1,3
110313310,1,3
122230100,1,3
211230010,1,3
331112101,1,3
103210210,1,3
211109000,1,3
031101330,1,3
111323100,1,3
222212000,1,3
121200311,1,3
203210310,1,3
310310220,1,3
013130300,1,3
303231001,1,3
110102230,1,3
000200290,1,3
111222011,1,3
313011010,1,3
000230330,1,3
213201110,1,3
311221220,1,3
112111130,1,3
131230300,1,3
201311110,1,3
103220020,1,3
101320300,1,3
123201021,1,3
123111200,1,3
122212210,1,3
023131030,1,3
220220200,1,3
112010221,1,3
230203000,1,3
002113300,1,3
113101301,1,3
123221100,1,3
013301110,1,3
202320200,1,3
102330010,1,3
330303020,1,3
222211000,1,3
113300120,1,3
111121111,1,3
221322110,1,3
221310300,1,3
223300301,1,3
113211020,1,3
122212220,1,3
112221300,1,3
213330020,1,3
223200010,1,3
111330130,1,3
112322010,1,3
013331010,1,3
133321001,1,3
113112030,1,3
901000200,1,3
311120200,1,3
203310200,1,3
112223210,1,3
030003301,1,3
221322000,1,3
003122230,1,3
112221200,1,3
012112131,1,3
321200110,1,3
011102311,1,3
122002201,1,3
113131010,1,3
332110100,1,3
222210220,1,3
311230300,1,3
123120310,1,3
210310300,1,3
001100090,1,3
223122000,1,3
110311221,1,3
000300313,1,3
331111000,1,3
221101022,1,3
233101301,1,3
232202300,1,3
210313000,1,3
222320020,1,3
220202200,1,3
221121010,1,3
221211100,1,3
323311100,1,3
012211310,1,3
111122201,1,3
212211110,1,3
230103101,1,3
112202101,1,3
122321001,1,3
301331300,1,3
332120020,1,3
223320000,1,3
121122110,1,3
312222200,1,3
121111210,1,3
113112100,1,3
002222200,1,3
112220110,1,3
200230300,1,3
122222110,1,3
123221300,1,3
213310100,1,3
232121010,1,3
032003003,1,3
220323200,1,3
333003000,1,3
031300031,1,3
322120200,1,3
001109000,1,3
113301310,1,3
133200010,1,3
112201220,1,3
212221120,1,3
012201331,1,3
320101111,1,3
013103301,1,3
220320300,1,3
103331010,1,3
121212010,1,3
213221001,1,3
123301110,1,3
002330030,1,3
222112011,1,3
112310310,1,3
313210220,1,3
112230200,1,3
220202320,1,3
033211100,1,3
310120120,1,3
001320130,1,3
023023000,1,3
111323210,1,3
003203300,1,3
303130310,1,3
113001310,1,3
103300303,1,3
123302120,1,3
113230030,1,3
323210110,1,3
323220100,1,3
111311110,1,3
202310200,1,3
221310230,1,3
212111020,1,3
121331000,1,3
301320110,1,3
111311312,1,3
220303300,1,3
330301101,1,3
212312101,1,3
123101110,1,3
210123300,1,3
021332003,1,3
123332000,1,3
113331100,1,3
113130300,1,3
010032031,1,3
001330330,1,3
022232200,1,3
223310200,1,3
212330200,1,3
113300011,1,3
312120010,1,3
132200200,1,3
012331200,1,3
113131101,1,3
113211120,1,3
223102101,1,3
013131310,1,3
221121210,1,3
230101300,1,3
120231120,1,3
320203000,1,3
203131030,1,3
113310300,1,3
011303103,1,3
123202000,1,3
321211110,1,3
311210210,1,3
021310023,1,3
122212111,1,3
233202020,1,3
012331110,1,3
320303030,1,3
130313100,1,3
121213011,1,3
121202030,1,3
013213000,1,3
313300030,1,3
310331011,1,3
221310100,1,3
122201020,1,3
121301101,1,3
700210020,1,3
003332200,1,3
031111310,1,3
013221100,1,3
302310010,1,3
113221010,1,3
313130030,1,3
213201120,1,3
113203030,1,3
212121200,1,3
121331120,1,3
111222200,1,3
112320010,1,3
111112220,1,3
103310110,1,3
202330000,1,3
213212010,1,3
313003000,1,3
311211100,1,3
111332000,1,3
003333100,1,3
221213100,1,3
223302000,1,3
030103031,1,3
123201220,1,3
213111221,1,3
112101310,1,3
030300330,1,3
010113212,1,3
112111320,1,3
113220020,1,3
113201230,1,3
133131001,1,3
112110330,1,3
211220110,1,3
331101100,1,3
112111210,1,3
331100110,1,3
023230002,1,3
112330100,1,3
113210210,1,3
231300020,1,3
230102300,1,3
233222000,1,3
112110130,1,3
233312000,1,3
912100000,1,3
302020302,1,3
113301210,1,3
012130030,1,3
210300301,1,3
222202020,1,3
221312110,1,3
323100300,1,3
120031300,1,3
313300130,1,3
111231010,1,3
311101120,1,3
212121111,1,3
311210310,1,3
213300010,1,3
313211100,1,3
111111330,1,3
112110310,1,3
313320000,1,3
113321300,1,3
113200300,1,3
233320000,1,3
011221111,1,3
122310220,1,3
112202211,1,3
311111111,1,3
112211300,1,3
211211021,1,3
312300100,1,3
212330000,1,3
123221210,1,3
222221200,1,3
210331000,1,3
221203102,1,3
011331131,1,3
030003320,1,3
221330000,1,3
333110110,1,3
113231110,1,3
112213301,1,3
120113002,1,3
023003112,1,3
212202320,1,3
003331310,1,3
212310210,1,3
001300330,1,3
103331000,1,3
013112300,1,3
122021122,1,3
003120232,1,3
313110301,1,3
111211300,1,3
011122310,1,3
003320200,1,3
102330100,1,3
132112101,1,3
112130110,1,3
013331200,1,3
333310010,1,3
113320030,1,3
102221200,1,3
110302120,1,3
113112113,1,3
131103100,1,3
113121001,1,3
112221110,1,3
033312000,1,3
132013200,1,3
012223100,1,3
121211101,1,3
110130301,1,3
301230200,1,3
112231000,1,3
213100131,1,3
012311200,1,3
030133100,1,3
322310000,1,3
013312101,1,3
003330010,1,3
110321110,1,3
211201120,1,3
022013330,1,3
133311100,1,3
212220220,1,3
321212210,1,3
132311120,1,3
123201211,1,3
132133000,1,3
013330110,1,3
102221220,1,3
210123201,1,3
112330220,1,3
112300111,1,3
113120002,1,3
023103003,1,3
013333010,1,3
222003320,1,3
223201120,1,3
133003001,1,3
121301210,1,3
002230300,1,3
121113011,1,3
013332000,1,3
232202210,1,3
112211111,1,3
101323200,1,3
333210002,1,3
130333100,1,3
012330101,1,3
232121110,1,3
013202101,1,3
312311010,1,3
102322000,1,3
013331110,1,3
211330110,1,3
003331120,1,3
113313100,1,3
111311111,1,3
320203003,1,3
102222320,1,3
900300000,1,3
013322120,1,3
231211000,1,3
213301000,1,3
123102200,1,3
310131001,1,3
222212100,1,3
222103100,1,3
220202121,1,3
130312211,1,3
210320310,1,3
313311200,1,3
223121011,1,3
213131111,1,3
131300110,1,3
112120210,1,3
131112011,1,3
331200101,1,3
002331200,1,3
212221100,1,3
221130210,1,3
223311200,1,3
019000101,1,3
303031000,1,3
123203111,1,3
033301100,1,3
111131030,1,3
121112112,1,3
103211310,1,3
211122131,1,3
203331110,1,3
112330000,1,3
221222010,1,3
222301200,1,3
321110130,1,3
123211101,1,3
311300200,1,3
133221110,1,3
310131111,1,3
213211210,1,3
102132130,1,3
111202220,1,3
133210100,1,3
013111111,1,3
112113010,1,3
330331000,1,3
012333000,1,3
123211111,1,3
121112132,1,3
123311100,1,3
133303000,1,3
223121000,1,3
131113000,1,3
012221211,1,3
121133011,1,3
213321000,1,3
230330000,1,3
122011302,1,3
112112210,1,3
203300330,1,3
011210212,1,3
130113120,1,3
322211110,1,3
122301112,1,3
112221120,1,3
130301300,1,3
113330030,1,3
113301100,1,3
222200020,1,3
102221110,1,3
031311210,1,3
332220200,1,3
110211131,1,3
233002010,1,3
211100320,1,3
211311210,1,3
023103001,1,3
123100201,1,3
010009000,1,3
212220311,1,3
111311230,1,3
113300030,1,3
212211201,1,3
331310210,1,3
123211100,1,3
233032010,1,3
030330002,1,3
133102001,1,3
123220020,1,3
123212101,1,3
012222210,1,3
331101013,1,3
213210010,1,3
123310110,1,3
213310000,1,3
333200000,1,3
111311101,1,3
133131002,1,3
113221001,1,3
033330000,1,3
111313130,1,3
210212110,1,3
220302102,1,3
212331020,1,3
102331220,1,3
133301210,1,3
103220110,1,3
221003302,1,3
033001300,1,3
111222220,1,3
331202000,1,3
011113031,1,3
113332010,1,3
211211011,1,3
203330030,1,3
022222200,1,3
220321000,1,3
210312110,1,3
131102111,1,3
301303100,1,3
221113111,1,3
103220210,1,3
221102213,1,3
223102021,1,3
221102220,1,3
311220311,1,3
121113112,1,3
233231000,1,3
211221210,1,3
112131121,1,3
011321110,1,3
222201100,1,3
113012311,1,3
011100331,1,3
113112300,1,3
121332110,1,3
112320100,1,3
031113300,1,3
322213000,1,3
332202200,1,3
013233100,1,3
232101201,1,3
031301210,1,3
211232012,1,3
103001321,1,3
192000000,1,3
221321102,1,3
113331000,1,3
133212101,1,3
223210200,1,3
112212200,1,3
213301020,1,3
111300302,1,3
112112202,1,3
211330000,1,3
000009010,1,3
221122220,1,3
112311211,1,3
231120320,1,3
223320020,1,3
121231110,1,3
211212100,1,3
112231210,1,3
132211310,1,3
033313000,1,3
023222200,1,3
121112110,1,3
032330110,1,3
131113110,1,3
019100000,1,3
210131300,1,3
313301000,1,3
111331010,1,3
022332000,1,3
123211001,1,3
133003000,1,3
320211020,1,3
220311100,1,3
021203210,1,3
010313201,1,3
221111110,1,3
131112100,1,3
022211110,1,3
030223201,1,3
211303200,1,3
223321010,1,3
111311130,1,3
112312110,1,3
111331100,1,3
201110023,1,3
223000300,1,3
022122121,1,3
330300200,1,3
111111130,1,3
123220100,1,3
110100090,1,3
211330030,1,3
023230100,1,3
210220220,1,3
122102110,1,3
203303001,1,3
221202221,1,3
333310001,1,3
111121121,1,3
223200300,1,3
112101301,1,3
332211101,1,3
313103001,1,3
211123210,1,3
321302010,1,3
302110012,1,3
233300120,1,3
222210010,1,3
032302300,1,3
210221200,1,3
321101110,1,3
131201101,1,3
213130110,1,3
220012310,1,3
000009020,1,3
321330001,1,3
312210100,1,3
221112212,1,3
112311011,1,3
221201110,1,3
332100100,1,3
210213200,1,3
320200300,1,3
312230010,1,3
003900000,1,3
111231220,1,3
113202110,1,3
000209000,1,3
100930000,1,3
222212011,1,3
123331010,1,3
012303300,1,3
202130030,1,3
003220300,1,3
211221110,1,3
103300300,1,3
033023020,1,3
222231200,1,3
112230101,1,3
133321000,1,3
222122000,1,3
110322230,1,3
111123200,1,3
131300120,1,3
112213000,1,3
213011330,1,3
122300110,1,3
221311111,1,3
911000000,1,3
020112130,1,3
212320000,1,3
122311000,1,3
321100330,1,3
103320300,1,3
130203001,1,3
900100100,1,3
003320210,1,3
102223000,1,3
220332000,1,3
232121200,1,3
211222110,1,3
110211220,1,3
211320020,1,3
222130000,1,3
112111221,1,3
002202221,1,3
313301300,1,3
011222320,1,3
013301310,1,3
111232310,1,3
320230020,1,3
002222210,1,3
123302020,1,3
221102110,1,3
222311110,1,3
213101200,1,3
201321010,1,3
011311210,1,3
211222130,1,3
031220101,1,3
003200330,1,3
111231100,1,3
233300030,1,3
102133000,1,3
021301300,1,3
131111330,1,3
122211320,1,3
223212010,1,3
121222211,1,3
201320020,1,3
113301300,1,3
213311100,1,3
211232120,1,3
033111111,1,3
231121100,1,3
300121220,1,3
210211222,1,3
332320000,1,3
023121110,1,3
122311300,1,3
221130111,1,3
232200130,1,3
123230010,1,3
131311000,1,3
311211210,1,3
322210112,1,3
122121110,1,3
300200320,1,3
033201210,1,3
123110032,1,3
221311200,1,3
003131110,1,3
030202202,1,3
313100110,1,3
230113001,1,3
231111221,1,3
212120110,1,3
011332200,1,3
021303030,1,3
030311310,1,3
023123000,1,3
113132100,1,3
212211300,1,3
113330300,1,3
022112110,1,3
213101310,1,3
112202220,1,3
323300111,1,3
003033300,1,3
012311111,1,3
212211001,1,3
123211220,1,3
123120010,1,3
100331110,1,3
013332100,1,3
131111210,1,3
212121100,1,3
123112030,1,3
330300030,1,3
322220100,1,3
130101103,1,3
121302110,1,3
100233200,1,3
331300000,1,3
132113111,1,3
222112210,1,3
001131130,1,3
113212110,1,3
021121120,1,3
222212110,1,3
223112000,1,3
132022200,1,3
220211221,1,3
120301210,1,3
032320010,1,3
032120300,1,3
011121233,1,3
321301020,1,3
113310210,1,3
030111130,1,3
211132200,1,3
300200330,1,3
320030012,1,3
223211120,1,3
133211000,1,3
122213100,1,3
112333000,1,3
203321000,1,3
111112210,1,3
211110221,1,3
222202200,1,3
131121101,1,3
212310010,1,3
221331100,1,3
211330100,1,3
012301030,1,3
023310030,1,3
313213000,1,3
123211121,1,3
132122000,1,3
210200133,1,3
033220000,1,3
113311310,1,3
333001000,1,3
113221020,1,3
222221000,1,3
211211110,1,3
231212011,1,3
112211210,1,3
012323000,1,3
330133000,1,3
312332000,1,3
120320300,1,3
013301102,1,3
111103300,1,3
023302100,1,3
211230110,1,3
112121221,1,3
111112201,1,3
213312110,1,3
211332100,1,3
322100030,1,3
032100330,1,3
333300100,1,3
120321110,1,3
030031300,1,3
122113000,1,3
222222020,1,3
112120012,1,3
203330300,1,3
323222000,1,3
303033000,1,3
012131030,1,3
211111111,1,3
112320200,1,3
133312100,1,3
213101110,1,3
123212110,1,3
232202000,1,3
112132100,1,3
213121001,1,3
010311301,1,3
301330300,1,3
313110003,1,3
211231101,1,3
231212110,1,3
112330010,1,3
223201211,1,3
222330020,1,3
112321110,1,3
012231100,1,3
231211121,1,3
090200000,1,3
223112100,1,3
212300030,1,3
023103020,1,3
113201231,1,3
113112120,1,3
113131000,1,3
001109010,1,3
113330000,1,3
013123130,1,3
113311011,1,3
111222211,1,3
102320110,1,3
233230000,1,3
112203112,1,3
131022100,1,3
220212300,1,3
023111020,1,3
223222100,1,3
011131210,1,3
222211200,1,3
331200100,1,3
212222100,1,3
222221020,1,3
003322120,1,3
211131200,1,3
032213011,1,3
212122101,1,3
112133110,1,3
322220020,1,3
213120001,1,3
113110330,1,3
113033000,1,3
133201220,1,3
310101330,1,3
331012111,1,3
220121300,1,3
011221003,1,3
120121230,1,3
311101111,1,3
113112110,1,3
133302000,1,3
930001001,1,3
112120120,1,3
103330100,1,3
103310210,1,3
233103100,1,3
323310110,1,3
112302100,1,3
023203210,1,3
013323110,1,3
302020212,1,3
112112310,1,3
101330111,1,3
120203222,1,3
011212222,1,3
213201101,1,3
033322000,1,3
113110120,1,3
110311130,1,3
110322100,1,3
021130300,1,3
212222300,1,3
333220100,1,3
011233110,1,3
110311022,1,3
212131000,1,3
321133010,1,3
111111321,1,3
123111120,1,3
322021310,1,3
121210210,1,3
212120030,1,3
223112101,1,3
103103110,1,3
113111111,1,3
002132030,1,3
112310002,1,3
212212001,1,3
213121000,1,3
012122011,1,3
010113130,1,3
033332000,1,3
023203000,1,3
123203300,1,3
209100000,1,3
231311200,1,3
213110110,1,3
103320100,1,3
131302001,1,3
012220300,1,3
123130030,1,3
112321001,1,3
211303000,1,3
231222200,1,3
132211100,1,3
131103110,1,3
703300000,1,3
202322000,1,3
212110301,1,3
303123000,1,3
320300301,1,3
312131000,1,3
222202220,1,3
123023000,1,3
113230010,1,3
113300101,1,3
300330010,1,3
023311010,1,3
013312110,1,3
112220200,1,3
310313002,1,3
021131310,1,3
012103201,1,3
111221130,1,3
112223000,1,3
223111101,1,3
333000003,1,3
211212111,1,3
121021120,1,3
222211100,1,3
020302212,1,3
213202000,1,3
013331000,1,3
222202010,1,3
111222300,1,3
223112110,1,3
223203010,1,3
321322100,1,3
220112311,1,3
211311310,1,3
013300330,1,3
213331000,1,3
113301010,1,3
213030010,1,3
111221120,1,3
011113221,1,3
033022000,1,3
132301300,1,3
113301011,1,3
113311300,1,3
002113330,1,3
213322000,1,3
222231000,1,3
210321110,1,3
133312000,1,3
013331011,1,3
311322100,1,3
000331130,1,3
311301100,1,3
232030012,1,3
101331111,1,3
003300310,1,3
223201300,1,3
302230300,1,3
333101100,1,3
001323010,1,3
012231220,1,3
212111220,1,3
123312100,1,3
113222000,1,3
113311120,1,3
223221110,1,3
132212300,1,3
112111300,1,3
131311310,1,3
233310000,1,3
133101220,1,3
033300300,1,3
111222100,1,3
113311020,1,3
020223212,1,3
211132310,1,3
301330000,1,3
013109000,1,3
031121300,1,3
112212211,1,3
220230200,1,3
211301120,1,3
211132110,1,3
022102311,1,3
211111121,1,3
110131012,1,3
111223100,1,3
212111110,1,3
133301100,1,3
111211201,1,3
210120310,1,3
121102211,1,3
113111030,1,3
113021110,1,3
122222000,1,3
121122210,1,3
033300003,1,3
311111113,1,3
212310110,1,3
311302300,1,3
132303100,1,3
033001003,1,3
313301200,1,3
222212210,1,3
120111220,1,3
112111311,1,3
011900000,1,3
321111001,1,3
032133010,1,3
310300300,1,3
010100009,1,3
011322210,1,3
233210101,1,3
303300100,1,3
112311010,1,3
330112000,1,3
222310100,1,3
303300230,1,3
330203300,1,3
120032230,1,3
211223111,1,3
001133030,1,3
013300130,1,3
322202200,1,3
221323100,1,3
123022210,1,3
131213010,1,3
320203110,1,3
311111101,1,3
112222010,1,3
033210100,1,3
121213101,1,3
200211330,1,3
232221100,1,3
330202010,1,3
133303010,1,3
130033030,1,3
113221310,1,3
311301310,1,3
131131310,1,3
121130110,1,3
230212220,1,3
113330110,1,3
121113311,1,3
223320110,1,3
112222220,1,3
113310120,1,3
311110210,1,3
313310200,1,3
311123300,1,3
210221110,1,3
132303000,1,3
013101022,1,3
221212100,1,3
313103100,1,3
122113120,1,3
103003300,1,3
123003110,1,3
110231020,1,3
333200100,1,3
212211320,1,3
113131110,1,3
213331100,1,3
231111111,1,3
302303000,1,3
033111110,1,3
210300130,1,3
010313030,1,3
322302100,1,3
033003030,1,3
023132030,1,3
333301001,1,3
013131020,1,3
213110210,1,3
311321100,1,3
003301310,1,3
313311010,1,3
323023100,1,3
110231110,1,3
011101133,1,3
021301003,1,3
303220310,1,3
113111020,1,3
222222200,1,3
023111111,1,3
133300300,1,3
112200330,1,3
113131120,1,3
103220320,1,3
023312300,1,3
220222200,1,3
123130300,1,3
123301030,1,3
030333000,1,3
211121210,1,3
231003220,1,3
112211211,1,3
021222202,1,3
111330320,1,3
022321010,1,3
332102001,1,3
122112110,1,3
221111120,1,3
122201110,1,3
021032220,1,3
023222101,1,3
220110310,1,3
211321201,1,3
223210000,1,3
003000009,1,3
123221120,1,3
213301310,1,3
313330300,4,4
033333000,4,4
333303030,4,4
333333100,4,4
333330000,4,4
233330300,4,4
223332200,3,4
333333000,3,4
333332200,3,4
113331300,3,4
333332000,3,4
333303300,3,4
333311320,3,4
222222211,2,4
333323000,2,4
323330210,2,4
332321210,2,4
232222320,2,4
113213310,2,4
113333310,2,4
330303003,2,4
133323210,2,4
113331310,2,4
221222112,2,4
223322212,2,4
233331300,2,4
333313000,2,4
333333001,2,4
222221320,2,4
333330300,2,4
223332000,2,4
033303300,2,4
222222220,2,4
333131310,2,4
123332300,2,4
233330320,2,4
223332300,2,4
333300300,2,4
333223100,2,4
303330030,2,4
333330010,2,4
103330330,2,4
223331220,2,4
123333000,2,4
323330300,2,4
133330210,1,4
330333030,1,4
113333030,1,4
133330030,1,4
333310330,1,4
103313310,1,4
033123312,1,4
313321101,1,4
032303301,1,4
330323011,1,4
313320300,1,4
333302121,1,4
333231110,1,4
031103313,1,4
330332210,1,4
003331330,1,4
223311120,1,4
222322120,1,4
132330312,1,4
013333310,1,4
213333030,1,4
321303030,1,4
213001190,1,4
133133130,1,4
213321211,1,4
022322320,1,4
330312331,1,4
322112211,1,4
323320300,1,4
223303220,1,4
323312032,1,4
112233210,1,4
323313111,1,4
013323120,1,4
111313311,1,4
113331330,1,4
113133300,1,4
231221130,1,4
323323101,1,4
110121290,1,4
333321211,1,4
223331210,1,4
202332300,1,4
133333200,1,4
333312100,1,4
103331320,1,4
333303111,1,4
232203230,1,4
213322200,1,4
333131320,1,4
313103330,1,4
121222230,1,4
223322220,1,4
223332110,1,4
330222112,1,4
333300030,1,4
133233220,1,4
030333331,1,4
211330330,1,4
113233112,1,4
312333210,1,4
133322300,1,4
030303070,1,4
223322121,1,4
333311111,1,4
332113300,1,4
133311311,1,4
131320223,1,4
123312121,1,4
121333300,1,4
213320310,1,4
133313203,1,4
330303331,1,4
233212210,1,4
320332302,1,4
333322210,1,4
013322203,1,4
223222221,1,4
331333300,1,4
323331100,1,4
222222222,1,4
213330220,1,4
232232320,1,4
213332300,1,4
332220230,1,4
213331030,1,4
332332101,1,4
333003003,1,4
132223221,1,4
223222220,1,4
313311120,1,4
221132330,1,4
333303000,1,4
222121330,1,4
310331301,1,4
223233220,1,4
223311330,1,4
310300332,1,4
313110331,1,4
113232211,1,4
322322320,1,4
113223221,1,4
333300113,1,4
123312303,1,4
113332231,1,4
113323320,1,4
033222222,1,4
232312200,1,4
913101001,1,4
222310330,1,4
232033203,1,4
330132331,1,4
223312110,1,4
302333320,1,4
223333201,1,4
333232100,1,4
013330333,1,4
130107007,1,4
231331110,1,4
123333310,1,4
323320200,1,4
323202031,1,4
033233020,1,4
313332030,1,4
322222222,1,4
133222002,1,4
313103311,1,4
310131333,1,4
332120312,1,4
223332010,1,4
113221321,1,4
333331210,1,4
323302300,1,4
322331100,1,4
220333300,1,4
331123212,1,4
000133333,1,4
223313210,1,4
130033330,1,4
130233210,1,4
033333030,1,4
123313321,1,4
332112211,1,4
072210210,1,4
313321111,1,4
223221210,1,4
331303220,1,4
330333000,1,4
333333010,1,4
223332201,1,4
123133130,1,4
223300230,1,4
313330110,1,4
123332320,1,4
323322300,1,4
331133101,1,4
123331110,1,4
310331230,1,4
312231300,1,4
332022330,1,4
233303021,1,4
213132331,1,4
333103210,1,4
033333201,1,4
113003332,1,4
232133121,1,4
333203102,1,4
133320310,1,4
112333211,1,4
213221220,1,4
312313310,1,4
331132120,1,4
113311330,1,4
133300330,1,4
333301030,1,4
131322112,1,4
213311311,1,4
012332330,1,4
323333100,1,4
213312320,1,4
333312310,1,4
133332012,1,4
333320100,1,4
033333300,1,4
223310212,1,4
232213231,1,4
113221320,1,4
123133210,1,4
312312130,1,4
332313101,1,4
311331300,1,4
213321210,1,4
122227000,1,4
323302112,1,4
122222221,1,4
223311310,1,4
133333300,1,4
303300330,1,4
222312320,1,4
331003203,1,4
333300331,1,4
077100000,1,4
112313221,1,4
123332310,1,4
221331301,1,4
223331130,1,4
223211312,1,4
103331230,1,4
223103202,1,4
902230000,1,4
212311330,1,4
131331322,1,4
232320330,1,4
221331330,1,4
332323000,1,4
013323230,1,4
033300033,1,4
212322210,1,4
333332100,1,4
333303003,1,4
222312312,1,4
321323202,1,4
330332001,1,4
331321330,1,4
230322210,1,4
123333021,1,4
223331300,1,4
333312110,1,4
123323011,1,4
323310130,1,4
222212310,1,4
333320030,1,4
113311320,1,4
033303030,1,4
230133102,1,4
323331120,1,4
333323010,1,4
222222210,1,4
333311310,1,4
332303220,1,4
211223131,1,4
113332210,1,4
312333001,1,4
022333330,1,4
332311300,1,4
331310302,1,4
232213210,1,4
213321301,1,4
123113132,1,4
133332310,1,4
333312000,1,4
233123011,1,4
331233300,1,4
123330120,1,4
000009009,1,4
311333301,1,4
321213022,1,4
323323200,1,4
223331100,1,4
113332300,1,4
312321300,1,4
232213211,1,4
232212212,1,4
030303330,1,4
232222101,1,4
323331021,1,4
221223112,1,4
221332012,1,4
333321012,1,4
312221310,1,4
031331320,1,4
113330330,1,4
123233011,1,4
231233200,1,4
313133101,1,4
331321022,1,4
313221121,1,4
230132130,1,4
231112323,1,4
323331103,1,4
123321111,1,4
123232231,1,4
002333330,1,4
330333120,1,4
021333320,1,4
323320030,1,4
313331310,1,4
301091030,1,4
321331130,1,4
123332221,1,4
009300030,1,4
233322220,1,4
300290130,1,4
023331321,1,4
211312320,1,4
233222221,1,4
021133311,1,4
222202212,1,4
333303101,1,4
131311320,1,4
312300330,1,4
323130301,1,4
330333003,1,4
113313310,1,4
332313310,1,4
213322210,1,4
333312201,1,4
332333002,1,4
331213211,1,4
233303221,1,4
113112330,1,4
321310231,1,4
332312103,1,4
233301220,1,4
322330300,1,4
113333020,1,4
222222330,1,4
112312303,1,4
333311300,1,4
222312310,1,4
311320090,1,4
300333313,1,4
223322202,1,4
171100007,1,4
001233312,1,4
131313120,1,4
323322010,1,4
033333031,1,4
332331130,1,4
113331021,1,4
312322230,1,4
333313200,1,4
233323000,1,4
333322110,1,4
223333200,1,4
333223001,1,4
113233300,1,4
332323210,1,4
333303002,1,4
332212210,1,4
321331300,1,4
330232300,1,4
203333300,1,4
331313211,1,4
202313330,1,4
223232110,1,4
323312120,1,4
323332110,1,4
230233303,1,4
932300000,1,4
333331100,1,4
331311211,1,4
320303013,1,4
321330120,1,4
332303030,1,4
333331030,1,4
233312300,1,4
113231211,1,4
333231100,1,4
233312210,1,4
121133133,1,4
033330300,1,4
133302112,1,4
303333220,1,4
912221110,1,4
133303020,1,4
232313212,1,4
313130301,1,4
222323200,1,4
322230003,1,4
223222320,1,4
033133330,1,4
013303331,1,4
313311021,1,4
113302330,1,4
331333000,1,4
303030330,1,4
232312320,1,4
233213230,1,4
133131331,1,4
210333102,1,4
330333211,1,4
313230330,1,4
331333201,1,4
313303310,1,4
122211332,1,4
033300330,1,4
111323310,1,4
133213213,1,4
310091100,1,4
033311223,1,4
321303012,1,4
331111313,1,4
233310300,1,4
133313300,1,4
333303310,1,4
023333300,1,4
223202223,1,4
913210012,1,4
132302221,1,4
332222301,1,4
211332310,1,4
132332210,1,4
132313230,1,4
230313230,1,4
332313210,1,4
222212221,1,4
222331120,1,4
331333110,1,4
323230200,1,4
123331210,1,4
313303111,1,4
123123130,1,4
113321220,1,4
133302310,1,4
313321211,1,4
333323200,1,4
112332120,1,4
323332300,1,4
112311321,1,4
331331110,1,4
323330020,1,4
221312220,1,4
131133120,1,4
033320320,1,4
133203321,1,4
103321320,1,4
212303330,1,4
223322020,1,4
222233122,1,4
212332110,1,4
222332200,1,4
313320031,1,4
133313201,1,4
090330300,1,4
013332330,1,4
232220220,1,4
132303301,1,4
332313301,1,4
313202220,1,4
130313310,1,4
222221221,1,4
909000000,1,4
113323210,1,4
321312311,1,4
133331100,1,4
233321300,1,4
323212123,1,4
133122331,1,4
132333003,1,4
123302131,1,4
033303003,1,4
133303200,1,4
013332111,1,4
232321101,1,4
223123310,1,4
233311121,1,4
313331003,1,4
033313330,1,4
223332210,1,4
120202902,1,4
232131120,1,4
222332300,1,4
233302221,1,4
323321300,1,4
032303330,1,4
233222113,1,4
113333221,1,4
223323211,1,4
333301121,1,4
123331130,1,4
232301330,1,4
223222111,1,4
233302220,1,4
212312132,1,4
222202320,1,4
333330220,1,4
331230120,1,4
230231031,1,4
123311310,1,4
332333110,1,4
222102330,1,4
033333301,1,4
323330030,1,4
033330003,1,4
330003331,1,4
033330130,1,4
103390020,1,4
322321211,1,4
223202202,1,4
333303020,1,4
323232210,1,4
222211222,1,4
233212201,1,4
903300000,1,4
113332220,1,4
332312120,1,4
333313300,1,4
220223032,1,4
233303030,1,4
333130321,1,4
332123010,1,4
333313111,1,4
231321230,1,4
312312311,1,4
313233011,1,4
332202321,1,4
123323010,1,4
223112112,1,4
000333900,1,4
132333000,1,4
013331121,1,4
222322110,1,4
232323002,1,4
123233310,1,4
233322310,1,4
009900000,1,4
313301032,1,4
320331300,1,4
333311001,1,4
132133200,1,4
331313103,1,4
220330090,1,4
333323011,1,4
303323300,1,4
113333300,1,4
222233200,1,4
323210310,1,4
333303100,1,4
332322110,1,4
333332110,1,4
232231330,1,4
222132211,1,4
222390000,1,4
113111331,1,4
222221310,1,4
321122121,1,4
331303311,1,4
333322101,1,4
232212030,1,4
911102300,1,4
322222120,1,4
113333210,1,4
222333000,1,4
312133121,1,4
123323230,1,4
331212103,1,4
013201233,1,4
032133222,1,4
332333101,1,4
323232100,1,4
332303020,1,4
123332311,1,4
122331322,1,4
113321130,1,4
022332331,1,4
322332200,1,4
133323001,1,4
231332210,1,4
130333300,1,4
212321220,1,4
333320301,1,4
301333320,1,4
022222222,1,4
223302300,1,4
330100090,1,4
203330220,1,4
312122103,1,4
233332001,1,4
222212222,1,4
113331232,1,4
123333220,1,4
113113311,1,4
213331312,1,4
112322301,1,4
133103311,1,4
032331320,1,4
019131011,1,4
213323100,1,4
213332010,1,4
113321330,1,4
223323020,1,4
133303300,1,4
122321330,1,4
223222311,1,4
323300310,1,4
113303330,1,4
202333330,1,4
333033110,1,4
333213110,1,4
122313311,1,4
333331020,1,4
213333310,1,4
022323022,1,4
330323200,1,4
032333212,1,4
031333200,1,4
323313301,1,4
332213201,1,4
023123321,1,4
213213130,1,4
033333110,1,4
233123020,1,4
213221310,1,4
233313000,1,4
113321320,1,4
333322201,1,4
333331012,1,4
333009000,1,4
132331220,1,4
311333030,1,4
111323211,1,4
323321210,1,4
122222220,1,4
901112010,1,4
213323210,1,4
331303200,1,4
222322310,1,4
131122320,1,4
131113322,1,4
332301211,1,4
333330031,1,4
223223300,1,4
312330221,1,4
332333000,1,4
133330330,1,4
332013033,1,4
123311331,1,4
321333100,1,4
332211321,1,4
333313100,1,4
303330131,1,4
212332300,1,4
013330320,1,4
113223330,1,4
323312220,1,4
911130000,1,4
122233211,1,4
322330221,1,4
311331310,1,4
113333010,1,4
333300003,1,4
333212100,1,4
313300230,1,4
323330010,1,4
310332300,1,4
123121221,1,4
222203212,1,4
132123310,1,4
333020220,1,4
133333000,1,4
102311322,1,4
032313213,1,4
333330020,1,4
333120210,1,4
133331230,1,4
322233310,1,4
223232100,1,4
322333200,1,4
113333100,1,4
312313113,1,4
130102333,1,4
901300300,1,4
003333030,1,4
223302210,1,4
231320203,1,4
122223210,1,4
333203200,1,4
032223030,1,4
220332030,1,4
100333330,1,4
031133330,1,4
133331200,1,4
323203200,1,4
023322223,1,4
212320320,1,4
223331200,1,4
333330030,1,4
123212211,1,4
213212320,1,4
323311300,1,4
233333100,1,4
322311031,1,4
222322220,1,4
233321112,1,4
000039120,1,4
113233200,1,4
123212023,1,4
333033000,1,4
303330300,1,4
213233101,1,4
232311121,1,4
231311310,1,4
013332320,1,4
212331320,1,4
223331310,1,4
132330130,1,4
123311220,1,4
332312230,1,4
333220200,1,4
233332300,1,4
232103203,1,4
320130330,1,4
223131300,1,4
113331130,1,4
133320300,1,4
323321200,1,4
213232231,1,4
330233011,1,4
223331001,1,4
113311311,1,4
233222220,1,4
220332330,1,4
323322310,1,4
333320320,1,4
223313110,1,4
223232221,1,4
132313113,1,4
123312320,1,4
112331331,1,4
030033330,1,4
133312321,1,4
133321221,1,4
133322310,1,4
232223211,1,4
332302320,1,4
233330100,1,4
233331200,1,4
322332000,1,4
033233001,1,4
223222210,1,4
223213312,1,4
333331010,1,4
233303200,1,4
233320330,1,4
123322130,1,4
032323101,1,4
133233100,1,4
113332020,1,4
323311230,1,4
332222020,1,4
013331211,1,4
133320301,1,4
331330020,1,4
330233300,1,4
333312120,1,4
133113300,1,4
232333100,1,4
211303320,1,4
330030303,1,4
223223010,1,4
322312110,1,4
123330210,1,4
333300330,1,4
213311310,1,4
133302121,1,4
313303300,1,4
333232200,1,4
333311100,1,4
023313021,1,4
123233220,1,4
223321311,1,4
313130130,1,4
113320320,1,4
122222211,1,4
121322311,1,4
233323101,1,4
332131020,1,4
213330300,1,4
323330310,1,4
322310220,1,4
032333320,1,4
233231110,1,4
332111310,1,4
133213220,1,4
331330310,1,4
333301330,1,4
323331010,1,4
333333330,17,5
333333333,17,5
333333300,9,5
333333331,7,5
333333332,4,5
333333313,4,5
333333320,4,5
333333321,4,5
333333201,3,5
333333303,3,5
333332310,3,5
333333200,3,5
333333301,3,5
333332320,3,5
333303330,3,5
033333333,3,5
333331330,3,5
333323330,2,5
333302331,2,5
333333003,2,5
133333130,2,5
333330330,2,5
333313333,2,5
333323302,2,5
333313330,2,5
333333231,2,5
333303303,2,5
333333302,2,5
332333320,2,5
222333330,2,5
233323233,2,5
033333320,2,5
333323210,2,5
333333310,2,5
323333330,2,5
333313301,2,5
223333332,2,5
033303333,2,5
133333333,2,5
333333233,2,5
333333030,2,5
133133333,2,5
333333322,2,5
233333030,1,5
090309001,1,5
323331330,1,5
233322333,1,5
332333302,1,5
323333320,1,5
313313330,1,5
313330007,1,5
223322332,1,5
333303019,1,5
332323320,1,5
333333031,1,5
333333123,1,5
333331332,1,5
213313331,1,5
330303930,1,5
033393303,1,5
123332330,1,5
333312311,1,5
331233321,1,5
333323333,1,5
233332322,1,5
333303313,1,5
331333321,1,5
333101329,1,5
330333023,1,5
333223203,1,5
323330330,1,5
330333330,1,5
233303330,1,5
223332320,1,5
333323211,1,5
332303333,1,5
333321231,1,5
333333012,1,5
331332320,1,5
313333330,1,5
332333303,1,5
333323310,1,5
330333320,1,5
333313310,1,5
332333310,1,5
321332330,1,5
133303233,1,5
033333131,1,5
332333331,1,5
333322320,1,5
113333330,1,5
333303033,1,5
233322311,1,5
322323321,1,5
231123339,1,5
323332310,1,5
233323321,1,5
333133231,1,5
333221330,1,5
130333333,1,5
133233223,1,5
323331231,1,5
333330331,1,5
333333101,1,5
012290330,1,5
333332330,1,5
323321330,1,5
233133223,1,5
332333220,1,5
332333033,1,5
333303221,1,5
333331321,1,5
333232212,1,5
331323302,1,5
333223333,1,5
013233323,1,5
232323233,1,5
332333003,1,5
332223320,1,5
032303333,1,5
232333112,1,5
133333301,1,5
330333323,1,5
333332202,1,5
223233303,1,5
313333231,1,5
332333333,1,5
333303333,1,5
223333009,1,5
033323333,1,5
333302222,1,5
333332332,1,5
723002232,1,5
331233311,1,5
332331312,1,5
233333312,1,5
233332331,1,5
333133331,1,5
333213303,1,5
333332322,1,5
033303323,1,5
033333330,1,5
233233221,1,5
322322222,1,5
231333311,1,5
213121290,1,5
331333330,1,5
332313223,1,5
123323313,1,5
333322222,1,5
313332230,1,5
332332203,1,5
113333331,1,5
333310313,1,5
233333220,1,5
032333323,1,5
223303333,1,5
123329000,1,5
333322232,1,5
133323221,1,5
333333130,1,5
033333223,1,5
233233320,1,5
231331323,1,5
333313331,1,5
233333103,1,5
900009090,1,5
233222033,1,5
000309091,1,5
333323320,1,5
233333330,1,5
332213330,1,5
033313039,1,5
332303330,1,5
233331320,1,5
333323212,1,5
322333332,1,5
133333123,1,5
333313113,1,5
000910190,1,5
132323313,1,5
333322112,1,5
333213233,1,5
932330000,1,5
033333323,1,5
313333132,1,5
232101219,1,5
903330090,1,5
232332333,1,5
333323133,1,5
133333311,1,5
333113333,1,5
123331333,1,5
332333301,1,5
332129000,1,5
223223322,1,5
393320000,1,5
323203332,1,5
113321191,1,5
333332211,1,5
333303332,1,5
332233321,1,5
333322221,1,5
213313291,1,5
232233320,1,5
332333090,1,5
233333033,1,5
333322333,1,5
333133333,1,5
123333303,1,5
033333303,1,5
332322230,1,5
333223232,1,5
333312330,1,5
233333310,1,5
312303910,1,5
303333330,1,5
313333333,1,5
223122332,1,5
333331311,1,5
333321331,1,5
333322211,1,5
333333230,1,5
332333330,1,5
330333033,1,5
333333211,1,5
333322230,1,5
332323302,1,5
333223130,1,5
322332320,1,5
333233331,1,5
333103333,1,5
333333033,1,5
330303332,1,5
312323123,1,5
223319032,1,5
332313221,1,5
333332233,1,5
990900000,1,5
132333331,1,5
133333310,1,5
333222320,1,5
223333213,1,5
233323311,1,5
333332210,1,5
101109900,1,5
333313137,1,5
333300390,1,5
333313211,1,5
023309090,1,5
332233311,1,5
333323300,1,5
322323312,1,5
233313221,1,5
133303331,1,5
233323332,1,5
233323322,1,5
333332231,1,5
333123320,1,5
333323311,1,5
333313320,1,5
123333311,1,5
233339100,1,5
323322033,1,5
331323321,1,5
331333103,1,5
332313303,1,5
333303331,1,5
